Run number,Date,Duration,Events,Current,Beam Energy,Target,Solenoid,Torus,Trigger,RCDB comment,Type,Adittional comment,Log DAQ,Log Monitoring plots,Log Online reconstruction,Log Strip charts,
20017,2024-03-19 2:11:11,1:53:01,"50,961,486",85 nA,"10,547.3",IN,C,-1.00,-1.00,rge_noDC_v1.0_200MeV,,good,Empty D2 / BMT Sec3 L4 trip,https://logbooks.jlab.org/entry/4268751,https://logbooks.jlab.org/entry/4268761,https://logbooks.jlab.org/entry/4268783,https://logbooks.jlab.org/entry/4268782
20018,2024-03-19 4:08:54,3:02:33,"80,495,647",85 nA,"10,547.3",IN,C,-1.00,-1.00,rge_noDC_v1.0_200MeV,,good,,https://logbooks.jlab.org/entry/4268784,https://logbooks.jlab.org/entry/4268795,https://logbooks.jlab.org/entry/4268825,https://logbooks.jlab.org/entry/4268824
20019,2024-03-19 7:17:19,1:12:37,"16,693,420",85 nA,"10,547.3",IN,C,-1.00,-1.00,rge_noDC_v1.0_200MeV,prod67,good,,https://logbooks.jlab.org/entry/4268881,https://logbooks.jlab.org/entry/4268882,,https://logbooks.jlab.org/entry/4268886
20041,2024-03-20 10:42:02,0:27:49,"10,616,833",30 nA,"10,547.3",IN,LD2 + Pb,-1.00,-1.00,rge_noDC_v1.0_200MeV,30 to 60 nA,good,"at 30 nA DC occ below 3.5% / at 40 nA, DC occ at 6-7%",https://logbooks.jlab.org/entry/4269655,https://logbooks.jlab.org/entry/4269660,,
20042,2024-03-20 11:14:28,0:44:51,"21,140,272",60 nA,"10,547.3",IN,LD2 + Pb,-1.00,-1.00,rge_noDC_v1.0_200MeV,,good,stopped run because DAQ problem (roc tdpcal2),https://logbooks.jlab.org/entry/4269672,https://logbooks.jlab.org/entry/4269677,,https://logbooks.jlab.org/entry/4269684
20044,2024-03-20 14:11:56,0:07:29,"5,258,769",60 nA,"10,547.3",IN,LD2 + Pb,-1.00,-1.00,rge_noDC_v1.0_200MeV,,good,stopped run to cahnge FTOF and CTOD HV voltages,https://logbooks.jlab.org/entry/4269748,,,
20045,2024-03-20 14:32:33,1:15:19,"39,242,533",60 nA,"10,547.3",IN,LD2 + Pb,-1.00,-1.00,rge_noDC_v1.0_200MeV,rge_noDC_v1.0_200MeV,good,last 15 min without beam,https://logbooks.jlab.org/entry/4269751,https://logbooks.jlab.org/entry/4269757,,https://logbooks.jlab.org/entry/4269785
20046,2024-03-20 15:55:39,2:17:55,"41,118,274",60 nA,"10,547.3",IN,LD2 + Pb,-1.00,-1.00,rge_inb_v1.0_200MeV,production,prod,,https://logbooks.jlab.org/entry/4269804,https://logbooks.jlab.org/entry/4269795,https://logbooks.jlab.org/entry/4269848,https://logbooks.jlab.org/entry/4269844
20047,2024-03-20 18:17:55,2:11:12,"40,168,291",65 nA,"10,547.3",IN,LD2 + Pb,-1.00,-1.00,rge_inb_v1.0_200MeV,production,prod,,https://logbooks.jlab.org/entry/4269847,https://logbooks.jlab.org/entry/4269850,,https://logbooks.jlab.org/entry/4269895
20048,2024-03-20 20:34:50,1:55:18,"40,382,090",70 nA,"10,547.3",IN,LD2 + Pb,-1.00,-1.00,rge_inb_v1.0_200MeV,production,prod,rebooted all the rocs after the run (including tdcband1),https://logbooks.jlab.org/entry/4269900,https://logbooks.jlab.org/entry/4269931,,https://logbooks.jlab.org/entry/4269938
20056,2024-03-21 1:52:07,0:31:27,"3,891,195",60 nA,"10,547.3",IN,LD2 + Pb,-1.00,-1.00,rge_inb_v1.0_200MeV,,prod,beam problems / last 15 with no beam,https://logbooks.jlab.org/entry/4270012,https://logbooks.jlab.org/entry/4270011,,https://logbooks.jlab.org/entry/4270013
20059,2024-03-21 5:43:03,2:17:09,"38,110,331",60 nA,"10,547.3",IN,LD2 + Pb,-1.00,-1.00,rge_inb_v1.0_200MeV,,prod,,https://logbooks.jlab.org/entry/4270087,https://logbooks.jlab.org/entry/4270112,,https://logbooks.jlab.org/entry/4270114
20060,2024-03-21 9:43:49,0:16:27,"5,804,422",70 nA,"10,547.3",IN,LD2 + Pb,-1.00,-1.00,rge_inb_v1.0_200MeV,production,prod,alarm on triger rates,,https://logbooks.jlab.org/entry/4270162,,https://logbooks.jlab.org/entry/4270164
20075,2024-04-04 1:17:59,2:16:09,"47,658,686",70 nA,"10,547.3",IN,LD2 + Pb,-1.00,-1.00,rge_inb_v1.0_200MeV,Production,prod,several acc magnets tripped,https://logbooks.jlab.org/entry/4273672,https://logbooks.jlab.org/entry/4273673,https://logbooks.jlab.org/entry/4273699,
20077,2024-04-04 14:26:32,2:43:33,"48,818,752",70 nA,"10,547.3",OUT,LD2 + Pb,-1.00,-1.00,rge_inb_v1.0_200MeV,!st run after Torus recovery,prod,,https://logbooks.jlab.org/entry/4273984,https://logbooks.jlab.org/entry/4273987,https://logbooks.jlab.org/entry/4274049,https://logbooks.jlab.org/entry/4274050
20078,2024-04-04 17:30:27,1:06:20,"22,803,613",70 nA,"10,547.3",OUT,LD2 + Pb,-1.00,-1.00,rge_inb_v1.0_200MeV,ended run early due to busy adcftof2,prod,BMT HV reduced because of tripping,https://logbooks.jlab.org/entry/4274059,https://logbooks.jlab.org/entry/4274064,https://logbooks.jlab.org/entry/4274088,https://logbooks.jlab.org/entry/4274089
20079,2024-04-04 18:43:54,0:27:04,"7,481,812",,"10,547.3",OUT,LD2 + Pb,-1.00,-1.00,rge_inb_v1.0_200MeV,,prod,end because busy adcftof2,https://logbooks.jlab.org/entry/4274093,https://logbooks.jlab.org/entry/4274106,https://logbooks.jlab.org/entry/4274107,https://logbooks.jlab.org/entry/4274108
20080,2024-04-04 19:16:01,2:59:37,"62,525,873",,"10,547.3",OUT,LD2 + Pb,-1.00,-1.00,rge_inb_v1.0_200MeV,,prod,,https://logbooks.jlab.org/entry/4274112,https://logbooks.jlab.org/entry/4274126,https://logbooks.jlab.org/entry/4274170,https://logbooks.jlab.org/entry/4274171
20081,2024-04-04 22:22:46,2:11:30,"31,179,258",70 nA,"10,547.3",OUT,LD2 + Pb,-1.00,-1.00,rge_inb_v1.0_200MeV,Prod,prod,,https://logbooks.jlab.org/entry/4274176,https://logbooks.jlab.org/entry/4274263,,https://logbooks.jlab.org/entry/4274260
20082,2024-04-05 0:39:01,2:52:49,"56,678,641",70,"10,547.3",OUT,LD2 + Pb,-1.00,-1.00,rge_inb_v1.0_200MeV,Prod,prod,,https://logbooks.jlab.org/entry/4274261,https://logbooks.jlab.org/entry/4274280,https://logbooks.jlab.org/entry/4274338,https://logbooks.jlab.org/entry/4274337
20083,2024-04-05 3:36:03,1:12:20,"24,455,042",70 nA,"10,547.3",OUT,LD2 + Pb,-1.00,-1.00,rge_inb_v1.0_200MeV,prod,prod,DAQ problem,https://logbooks.jlab.org/entry/4274339,https://logbooks.jlab.org/entry/4274342,https://logbooks.jlab.org/entry/4274359,https://logbooks.jlab.org/entry/4274358
20084,2024-04-05 5:15:50,1:56:47,"40,813,819",70 nA,"10,547.3",OUT,LD2 + Pb,-1.00,-1.00,rge_inb_v1.0_200MeV,,prod,DAQ problem,https://logbooks.jlab.org/entry/4274371,https://logbooks.jlab.org/entry/4274372,,https://logbooks.jlab.org/entry/4274407
20085,2024-04-05 7:18:07,3:02:52,"62,117,150",70 nA,"10,547.3",OUT,LD2 + Pb,-1.00,-1.00,rge_inb_v1.0_200MeV,Good run,prod,,https://logbooks.jlab.org/entry/4274410,https://logbooks.jlab.org/entry/4274417,,https://logbooks.jlab.org/entry/4274483
20086,2024-04-05 10:25:07,2:00:40,"41,573,106",70 nA,"10,547.3",OUT,LD2 + Pb,-1.00,-1.00,rge_inb_v1.0_200MeV,DAQ issues at the end of the run,prod,DAQ problem at the end,https://logbooks.jlab.org/entry/4274484,https://logbooks.jlab.org/entry/4274490,https://logbooks.jlab.org/entry/4274489,https://logbooks.jlab.org/entry/4274519
20089,2024-04-05 12:57:43,1:59:01,"38,681,089",70 nA,"10,547.3",OUT,LD2 + Pb,-1.00,-1.00,rge_inb_v1.0_200MeV,Good run but tdcpcal6 issues at the end of the run,prod,,https://logbooks.jlab.org/entry/4274533,https://logbooks.jlab.org/entry/4274542,https://logbooks.jlab.org/entry/4274593,https://logbooks.jlab.org/entry/4274591
20090,2024-04-05 15:00:11,2:37:51,"57,769,216",70 nA,"10,547.3",OUT,LD2 + Pb,-1.00,-1.00,rge_inb_v1.0_200MeV,,prod,CND camac1 alarm / changed CFD thresholds to zero / ended run later due tdcpval6 roc busy,https://logbooks.jlab.org/entry/4274596,https://logbooks.jlab.org/entry/4274612,https://logbooks.jlab.org/entry/4274672,https://logbooks.jlab.org/entry/4274673
20091,2024-04-05 17:44:35,1:43:05,"27,831,988",70 nA,"10,547.3",OUT,LD2 + Pb,-1.00,-1.00,rge_inb_v1.0_200MeV,,prod,rocdc62 issue,https://logbooks.jlab.org/entry/4274675,https://logbooks.jlab.org/entry/4274681,https://logbooks.jlab.org/entry/4274712,https://logbooks.jlab.org/entry/4274711
20094,2024-04-05 21:58:41,0:52:36,"16,362,845",70 nA,"10,547.3",OUT,LD2 + Pb,-1.00,-1.00,rge_inb_v1.0_200MeV,,prod,,https://logbooks.jlab.org/entry/4274768,https://logbooks.jlab.org/entry/4274775,https://logbooks.jlab.org/entry/4274790,https://logbooks.jlab.org/entry/4274789
20095,2024-04-05 23:09:36,2:57:58,"53,020,620",70 nA,"10,547.3",OUT,LD2 + Pb,-1.00,-1.00,rge_inb_v1.0_200MeV,Production,prod,recurring beam trips in the last half hour,https://logbooks.jlab.org/entry/4274800,https://logbooks.jlab.org/entry/4274807,https://logbooks.jlab.org/entry/4274869,https://logbooks.jlab.org/entry/4274868
20096,2024-04-06 2:23:58,0:22:09,"6,475,932",70 nA,"10,547.3",OUT,LD2 + Pb,-1.00,-1.00,rge_inb_v1.0_200MeV,Production,prod,en run due to tdcpcal6 busy,https://logbooks.jlab.org/entry/4274877,https://logbooks.jlab.org/entry/4274883,https://logbooks.jlab.org/entry/4274887,https://logbooks.jlab.org/entry/4274885
20097,2024-04-06 2:52:32,3:03:59,"64,273,535",70 nA,"10,547.3",OUT,LD2 + Pb,-1.00,-1.00,rge_inb_v1.0_200MeV,Production,prod,,https://logbooks.jlab.org/entry/4274886,https://logbooks.jlab.org/entry/4274896,https://logbooks.jlab.org/entry/4274934,https://logbooks.jlab.org/entry/4274933
20098,2024-04-06 5:59:11,2:40:11,"51,151,919",70 nA,"10,547.3",OUT,LD2 + Pb,-1.00,-1.00,rge_inb_v1.0_200MeV,Production,prod,tdcpcal6 busy,https://logbooks.jlab.org/entry/4274935,https://logbooks.jlab.org/entry/4274949,https://logbooks.jlab.org/entry/4274995,https://logbooks.jlab.org/entry/4274994
20100,2024-04-06 9:17:53,0:57:52,"19,981,936",70 nA,"10,547.3",OUT,LD2 + Pb,-1.00,-1.00,rge_inb_v1.0_200MeV,Good run / tdcpcal6 issue at the end,prod,tdcpcal6 busy,https://logbooks.jlab.org/entry/4275008,https://logbooks.jlab.org/entry/4275013,https://logbooks.jlab.org/entry/4275036,.
20101,2024-04-06 10:22:00,0:23:15,"6,662,204",70 nA,"10,547.3",OUT,LD2 + Pb,-1.00,-1.00,rge_inb_v1.0_200MeV,tdcpcal6 pb at the end of the run,prod,tdcpcal6 busy,https://logbooks.jlab.org/entry/4275049,https://logbooks.jlab.org/entry/4275063,,https://logbooks.jlab.org/entry/4275086
20104,2024-04-06 11:41:21,1:54:33,"40,011,868",70 nA,"10,547.3",OUT,LD2 + Pb,-1.00,-1.00,rge_inb_v1.0_200MeV,good run,prod,tdcpcal6 busy,https://logbooks.jlab.org/entry/4275121,https://logbooks.jlab.org/entry/4275137,https://logbooks.jlab.org/entry/4275185,https://logbooks.jlab.org/entry/4275180
20105,2024-04-06 13:39:28,0:26:12,"7,761,423",70 nA,"10,547.3",OUT,LD2 + Pb,-1.00,-1.00,rge_inb_v1.0_200MeV,tdcpcal6 issue at the end of the run,prod,,https://logbooks.jlab.org/entry/4275183,https://logbooks.jlab.org/entry/4275192,,https://logbooks.jlab.org/entry/4275191
20107,2024-04-06 14:39:57,2:52:01,"59,507,027",70 nA,"10,547.3",OUT,LD2 + Pb,-1.00,-1.00,rge_inb_v1.0_200MeV,,prod,,https://logbooks.jlab.org/entry/4275239,https://logbooks.jlab.org/entry/4275254,https://logbooks.jlab.org/entry/4275314,https://logbooks.jlab.org/entry/4275316
20108,2024-04-06 17:37:57,1:35:05,"29,921,677",70 nA,"10,547.3",OUT,LD2 + Pb,-1.00,-1.00,rge_inb_v1.0_200MeV,Production run,prod,BMT HV SEC1 L4 Strip got an HV trip / adcecal4 busy,https://logbooks.jlab.org/entry/4275323,https://logbooks.jlab.org/entry/4275328,https://logbooks.jlab.org/entry/4275383,https://logbooks.jlab.org/entry/4275382
20111,2024-04-06 19:38:29,3:10:32,"62,645,304",70 nA,"10,547.3",OUT,LD2 + Pb,-1.00,-1.00,rge_inb_v1.0_200MeV,Production run,prod,,https://logbooks.jlab.org/entry/4275413,https://logbooks.jlab.org/entry/4275423,https://logbooks.jlab.org/entry/4275494,https://logbooks.jlab.org/entry/4275495
20112,2024-04-06 22:53:34,3:04:59,"61,813,047",70 nA,"10,547.3",OUT,LD2 + Pb,-1.00,-1.00,rge_inb_v1.0_200MeV,Production run,prod,HV trip BMT SEC2 L4 STRIP,https://logbooks.jlab.org/entry/4275497,https://logbooks.jlab.org/entry/4275505,https://logbooks.jlab.org/entry/4275561,https://logbooks.jlab.org/entry/4275562
20113,2024-04-07 2:01:04,3:02:37,"62,390,642",70 nA,"10,547.3",OUT,LD2 + Pb,-1.00,-1.00,rge_inb_v1.0_200MeV,Production,prod,,https://logbooks.jlab.org/entry/4275563,https://logbooks.jlab.org/entry/4275569,https://logbooks.jlab.org/entry/4275620,https://logbooks.jlab.org/entry/4275619
20114,2024-04-07 5:06:15,2:14:16,"33,306,909",70 nA,"10,547.3",OUT,LD2 + Pb,-1.00,-1.00,rge_inb_v1.0_200MeV,Production,prod,tdcpcal6 100% busy,https://logbooks.jlab.org/entry/4275622,https://logbooks.jlab.org/entry/4275628,,https://logbooks.jlab.org/entry/4275688
20116,2024-04-07 7:33:24,0:23:19,"6,863,127",70 nA,"10,547.3",OUT,LD2 + Pb,-1.00,-1.00,rge_inb_v1.0_200MeV,Production,prod,"CND alarm, CAMAC crate not responding",https://logbooks.jlab.org/entry/4275689,https://logbooks.jlab.org/entry/4275698,,
20117,2024-04-07 8:00:25,1:37:18,"32,893,585",70 nA,"10,547.3",OUT,LD2 + Pb,-1.00,-1.00,rge_inb_v1.0_200MeV,Production / tdcpcal6 issue at the end,prod,adcecal3 busy and tdpcal6 100% busy,https://logbooks.jlab.org/entry/4275700,https://logbooks.jlab.org/entry/4275707,https://logbooks.jlab.org/entry/4275738,https://logbooks.jlab.org/entry/4275737
20118,2024-04-07 9:44:47,3:03:07,"61,033,830",70 nA,"10,547.3",OUT,LD2 + Pb,-1.00,-1.00,rge_inb_v1.0_200MeV,Good run,prod,,https://logbooks.jlab.org/entry/4275742,https://logbooks.jlab.org/entry/4275746,https://logbooks.jlab.org/entry/4275798,
20119,2024-04-07 12:51:50,0:54:12,"17,913,215",70 nA,"10,547.3",OUT,LD2 + Pb,-1.00,-1.00,rge_inb_v1.0_200MeV,good run but probably tdcecal4 issues,prod,,https://logbooks.jlab.org/entry/4275799,https://logbooks.jlab.org/entry/4275814,https://logbooks.jlab.org/entry/4275837,https://logbooks.jlab.org/entry/4275836
20120,2024-04-07 13:53:58,0:18:23,"3,676,726",70 nA,"10,547.3",OUT,LD2 + Pb,-1.00,-1.00,rge_inb_v1.0_200MeV,Good run but adcpcal1 pbs at the end,prod,,https://logbooks.jlab.org/entry/4275853,https://logbooks.jlab.org/entry/4275855,,
20121,2024-04-07 14:23:32,2:58:26,"63,185,557",70 nA,"10,547.3",OUT,LD2 + Pb,-1.00,-1.00,rge_inb_v1.0_200MeV,Production run,prod,,https://logbooks.jlab.org/entry/4275863,https://logbooks.jlab.org/entry/4275873,https://logbooks.jlab.org/entry/4275934,https://logbooks.jlab.org/entry/4275933
20123,2024-04-07 17:47:17,1:30:24,"31,159,338",70 nA,"10,547.3",OUT,LD2 + Pb,-1.00,-1.00,rge_inb_v1.0_200MeV,Production run,prod,HV trip on BMT HV sector 1 L4 strip,https://logbooks.jlab.org/entry/4275956,https://logbooks.jlab.org/entry/4275967,https://logbooks.jlab.org/entry/4275996,https://logbooks.jlab.org/entry/4275995
20124,2024-04-07 19:22:40,0:18:47,"5,204,181",70 nA,"10,547.3",OUT,LD2 + Pb,-1.00,-1.00,rge_inb_v1.0_200MeV,Production run,maybe,tdcpcal6 got 100 busy / DC occupancy in sector 5 region 3 going to 10%,https://logbooks.jlab.org/entry/4275999,https://logbooks.jlab.org/entry/4276002,https://logbooks.jlab.org/entry/4276004,https://logbooks.jlab.org/entry/4276008
20125,2024-04-07 19:47:34,0:42:02,"11,522,617",70 nA,"10,547.3",OUT,LD2 + Pb,-1.00,-1.00,rge_inb_v1.0_200MeV,Production run,maybe,DC occupancy in sector 5 region 3 going to 10%,https://logbooks.jlab.org/entry/4276011,https://logbooks.jlab.org/entry/4276014,https://logbooks.jlab.org/entry/4276023,https://logbooks.jlab.org/entry/4276022
20126,2024-04-07 20:36:14,3:01:44,"65,194,142",70 nA,"10,547.3",OUT,LD2 + Pb,-1.00,-1.00,rge_inb_v1.0_200MeV,Production run,prod,,https://logbooks.jlab.org/entry/4276031,https://logbooks.jlab.org/entry/4276038,https://logbooks.jlab.org/entry/4276095,https://logbooks.jlab.org/entry/4276094
20127,2024-04-07 23:42:44,3:01:20,"64,249,138",70 nA,"10,547.3",OUT,LD2 + Pb,-1.00,-1.00,rge_inb_v1.0_200MeV,Production run,prod,,https://logbooks.jlab.org/entry/4276098,https://logbooks.jlab.org/entry/4276107,https://logbooks.jlab.org/entry/4276161,https://logbooks.jlab.org/entry/4276162
20128,2024-04-08 2:49:06,3:01:33,"59,023,215",70 nA,"10,547.3",OUT,LD2 + Pb,-1.00,-1.00,rge_inb_v1.0_200MeV,production,prod,,https://logbooks.jlab.org/entry/4276166,https://logbooks.jlab.org/entry/4276198,https://logbooks.jlab.org/entry/4276232,https://logbooks.jlab.org/entry/4276233
20129,2024-04-08 5:55:08,2:27:09,"42,848,813",70 nA,"10,547.3",OUT,LD2 + Pb,-1.00,-1.00,rge_inb_v1.0_200MeV,,prod,BMT HV SEC3 L4 STRIP tripped,https://logbooks.jlab.org/entry/4276235,https://logbooks.jlab.org/entry/4276247,https://logbooks.jlab.org/entry/4276305,https://logbooks.jlab.org/entry/4276304
20131,2024-04-11 0:53:41,1:24:10,"38,269,549",85na,"10,547.3",OUT,LD2 + C,-1.00,-1.00,rge_inb_v1.0_200MeV,issue with ftof adc sector 2,prod,BMT HV SEC3 L4 STRIP tripped,https://logbooks.jlab.org/entry/4277839,https://logbooks.jlab.org/entry/4277842,https://logbooks.jlab.org/entry/4277858,https://logbooks.jlab.org/entry/4277859
20132,2024-04-11 2:24:00,0:39:32,"19,439,812",85 nA,"10,547.3",OUT,LD2 + C,-1.00,-1.00,rge_inb_v1.0_200MeV,stopped trigger bit low rate,prod,stopped due to low rate in Trigger bits 2 and 16,https://logbooks.jlab.org/entry/4277860,https://logbooks.jlab.org/entry/4277870,https://logbooks.jlab.org/entry/4277873,https://logbooks.jlab.org/entry/4277872
20133,2024-04-11 3:09:04,2:35:44,"63,008,293",85 nA,"10,547.3",OUT,LD2 + C,-1.00,-1.00,rge_inb_v1.0_200MeV,production,prod,,https://logbooks.jlab.org/entry/4277876,https://logbooks.jlab.org/entry/4277887,https://logbooks.jlab.org/entry/4277914,https://logbooks.jlab.org/entry/4277917
20134,2024-04-11 6:38:02,1:43:59,"46,230,915",85 nA,"10,547.3",OUT,LD2 + C,-1.00,-1.00,rge_inb_v1.0_200MeV,,prod,BMT HV SEC2 L4 STRIP / BMT HV SEC3 L4 STRIP,,https://logbooks.jlab.org/entry/4277937,https://logbooks.jlab.org/entry/4277980,
20135,2024-04-12 0:07:40,2:00:42,"37,500,820",85 nA,"10,547.3",OUT,LD2 + C,-1.00,-1.00,rge_inb_v1.0_200MeV,production,prod,"ramping up the beam. 25, 50 and 85nA",https://logbooks.jlab.org/entry/4278327,https://logbooks.jlab.org/entry/4278335,https://logbooks.jlab.org/entry/4278388,https://logbooks.jlab.org/entry/4278387
20136,2024-04-12 2:22:06,3:00:17,"77,432,462",85 nA,"10,547.3",OUT,LD2 + C,-1.00,-1.00,rge_inb_v1.0_200MeV,Production,prod,BMT S3L4 strip in trip,https://logbooks.jlab.org/entry/4278401,https://logbooks.jlab.org/entry/4278405,https://logbooks.jlab.org/entry/4278450,https://logbooks.jlab.org/entry/4278448
20137,2024-04-12 5:34:28,2:19:12,"69,333,263",85 nA,"10,547.3",OUT,LD2 + C,-1.00,-1.00,rge_inb_v1.0_200MeV,Production,prod,,https://logbooks.jlab.org/entry/4278466,https://logbooks.jlab.org/entry/4278470,https://logbooks.jlab.org/entry/4278523,https://logbooks.jlab.org/entry/4278520
20138,2024-04-12 8:06:24,1:39:37,"44,426,460",85 nA,"10,547.3",OUT,LD2 + C,-1.00,-1.00,rge_inb_v1.0_200MeV,Production,prod,,https://logbooks.jlab.org/entry/4278536,https://logbooks.jlab.org/entry/4278534,https://logbooks.jlab.org/entry/4278584,https://logbooks.jlab.org/entry/4278583
20139,2024-04-12 9:54:26,1:14:11,"35,882,655",85 nA,"10,547.3",OUT,LD2 + C,-1.00,-1.00,rge_inb_v1.0_200MeV,Production,prod,BMT HV SEC3 L4 STRIP tripped / CND alarm camac1,https://logbooks.jlab.org/entry/4278592,https://logbooks.jlab.org/entry/4278595,https://logbooks.jlab.org/entry/4278636,https://logbooks.jlab.org/entry/4278634
20140,2024-04-12 11:31:56,0:42:58,"19,291,803",85 nA,"10,547.3",OUT,LD2 + C,-1.00,-1.00,rge_inb_v1.0_200MeV,Production,prod,roc adcecal6 is busy,https://logbooks.jlab.org/entry/4278668,https://logbooks.jlab.org/entry/4278690,https://logbooks.jlab.org/entry/4278705,https://logbooks.jlab.org/entry/4278710
20141,2024-04-12 12:19:18,0:48:06,"24,717,894",85 nA,"10,547.3",OUT,LD2 + C,-1.00,-1.00,rge_inb_v1.0_200MeV,Production,prod,adcpcal4 100% busy,https://logbooks.jlab.org/entry/4278713,https://logbooks.jlab.org/entry/4278716,https://logbooks.jlab.org/entry/4278740,https://logbooks.jlab.org/entry/4278739
20142,2024-04-12 13:17:16,2:27:01,"71,889,141",85 nA,"10,547.3",OUT,LD2 + C,-1.00,-1.00,rge_inb_v1.0_200MeV,Production,prod,BMT HV SEC3 L4 STRIP tripped / adcftof3 100% busy,https://logbooks.jlab.org/entry/4278743,https://logbooks.jlab.org/entry/4278761,https://logbooks.jlab.org/entry/4278801,https://logbooks.jlab.org/entry/4278800
20143,2024-04-12 15:49:18,1:17:35,"37,882,296",85 nA,"10,547.3",OUT,LD2 + C,-1.00,-1.00,rge_inb_v1.0_200MeV,Production / tdcpcal6 problem at the end,prod,tdcpcal6 busy,https://logbooks.jlab.org/entry/4278807,https://logbooks.jlab.org/entry/4278818,,
20144,2024-04-12 17:14:09,3:10:00,"74,900,765",85 nA,"10,547.3",OUT,LD2 + C,-1.00,-1.00,rge_inb_v1.0_200MeV,Production,prod,DC S3_R1_SL2 tripped,https://logbooks.jlab.org/entry/4278854,https://logbooks.jlab.org/entry/4278861,,https://logbooks.jlab.org/entry/4278936
20145,2024-04-12 20:27:25,2:03:32,"59,952,507",85 nA,"10,547.3",OUT,LD2 + C,-1.00,-1.00,rge_inb_v1.0_200MeV,Productiom - Rich scaler issue at thee end,prod,MVT Sec2 L4 trip / Rich scaler alarm,https://logbooks.jlab.org/entry/4278937,https://logbooks.jlab.org/entry/4278945,https://logbooks.jlab.org/entry/4278969,https://logbooks.jlab.org/entry/4278970
20148,2024-04-12 23:17:07,2:25:43,"67,629,637",85 nA,"10,547.3",OUT,LD2 + C,-1.00,-1.00,rge_inb_v1.0_200MeV,Production,prod,2C21A is slowly drifting to lower values,https://logbooks.jlab.org/entry/4278994,https://logbooks.jlab.org/entry/4278993,https://logbooks.jlab.org/entry/4279025,https://logbooks.jlab.org/entry/4279024
20149,2024-04-13 1:47:21,2:42:21,"77,450,578",85 nA,"10,547.3",OUT,LD2 + C,-1.00,-1.00,rge_inb_v1.0_200MeV,Production,prod,,https://logbooks.jlab.org/entry/4279028,https://logbooks.jlab.org/entry/4279030,https://logbooks.jlab.org/entry/4279064,https://logbooks.jlab.org/entry/4279063
20150,2024-04-13 4:57:35,3:03:33,"90,026,189",85 nA,"10,547.3",OUT,LD2 + C,-1.00,-1.00,rge_inb_v1.0_200MeV,Production,prod,,https://logbooks.jlab.org/entry/4279078,https://logbooks.jlab.org/entry/4279081,https://logbooks.jlab.org/entry/4279130,https://logbooks.jlab.org/entry/4279129
20151,2024-04-13 8:05:57,1:44:36,"51,728,617",85 nA,"10,547.3",OUT,LD2 + C,-1.00,-1.00,rge_inb_v1.0_200MeV,adcpcal6 was 100% at the end,prod,small fluctuations of beam positions,https://logbooks.jlab.org/entry/4279135,https://logbooks.jlab.org/entry/4279148,,
20152,2024-04-13 10:20:25,3:01:49,"92,414,022",85 nA,"10,547.3",OUT,LD2 + C,-1.00,-1.00,rge_inb_v1.0_200MeV,"one trip of the BMT, Sec3L4",prod,,https://logbooks.jlab.org/entry/4279178,https://logbooks.jlab.org/entry/4279219,https://logbooks.jlab.org/entry/4279249,
20153,2024-04-13 13:28:36,1:05:38,"31,737,085",85 nA,"10,547.3",OUT,LD2 + C,-1.00,-1.00,rge_inb_v1.0_200MeV,,prod,Ending run due to tdcpcal6 100% busy,https://logbooks.jlab.org/entry/4279250,https://logbooks.jlab.org/entry/4279252,https://logbooks.jlab.org/entry/4279266,https://logbooks.jlab.org/entry/4279265
20154,2024-04-13 14:41:18,0:18:23,"8,403,125",85 nA,"10,547.3",OUT,LD2 + C,-1.00,-1.00,rge_inb_v1.0_200MeV,,prod,tdcpcal6 100% busy,https://logbooks.jlab.org/entry/4279271,,,
20155,2024-04-13 15:07:19,3:12:56,"99,071,576",85 nA,"10,547.3",OUT,LD2 + C,-1.00,-1.00,rge_inb_v1.0_200MeV,Production - good run,prod,,https://logbooks.jlab.org/entry/4279284,https://logbooks.jlab.org/entry/4279292,https://logbooks.jlab.org/entry/4279341,https://logbooks.jlab.org/entry/4279342
20156,2024-04-13 18:23:41,0:29:54,"14,087,737",85 nA,"10,547.3",OUT,LD2 + C,-1.00,-1.00,rge_inb_v1.0_200MeV,Production - good run but tdcpcal6 event at the end,prod,tdcpcal6 busy,https://logbooks.jlab.org/entry/4279343,https://logbooks.jlab.org/entry/4279349,,
20157,2024-04-13 19:03:11,3:04:11,"88,420,966",85 nA,"10,547.3",OUT,LD2 + C,-1.00,-1.00,rge_inb_v1.0_200MeV,Production,prod,end of run failed because of ebdaq6,,,https://logbooks.jlab.org/entry/4279387,https://logbooks.jlab.org/entry/4279386
20158,2024-04-13 22:12:08,3:02:20,"80,358,704",85 nA,"10,547.3",OUT,LD2 + C,-1.00,-1.00,rge_inb_v1.0_200MeV,Production - tdcecal6 busy at the end,prod,BMT trip: S3L4 strip,https://logbooks.jlab.org/entry/4279393,https://logbooks.jlab.org/entry/4279397,https://logbooks.jlab.org/entry/4279455,https://logbooks.jlab.org/entry/4279454
20160,2024-04-14 1:28:40,2:45:56,"78,825,178",85 nA,"10,547.3",OUT,LD2 + C,-1.00,-1.00,rge_inb_v1.0_200MeV,Production,prod,,https://logbooks.jlab.org/entry/4279462,https://logbooks.jlab.org/entry/4279465,https://logbooks.jlab.org/entry/4279496,https://logbooks.jlab.org/entry/4279495
20161,2024-04-14 5:28:54,0:33:07,"6,960,367",85 nA,"10,547.3",OUT,LD2 + C,-1.00,-1.00,rge_inb_v1.0_200MeV,Production,prod,,https://logbooks.jlab.org/entry/4279527,https://logbooks.jlab.org/entry/4279540,https://logbooks.jlab.org/entry/4279536,https://logbooks.jlab.org/entry/4279541
20162,2024-04-14 6:11:23,2:43:05,"73,749,283",85 nA,"10,547.3",OUT,LD2 + C,-1.00,-1.00,rge_inb_v1.0_200MeV,Production,prod,BMTtrip. S3L4 strip,https://logbooks.jlab.org/entry/4279549,https://logbooks.jlab.org/entry/4279552,https://logbooks.jlab.org/entry/4279606,https://logbooks.jlab.org/entry/4279603
20163,2024-04-14 9:02:26,3:12:32,"96,869,041",85 nA,"10,547.3",OUT,LD2 + C,-1.00,-1.00,rge_inb_v1.0_200MeV,,prod,multiple BMT Sec3L4 tripped / BMT Sec2L5,,https://logbooks.jlab.org/entry/4279668,,https://logbooks.jlab.org/entry/4279669
20164,2024-04-14 12:19:53,0:58:33,"29,857,150",85 nA,"10,547.3",OUT,LD2 + C,-1.00,-1.00,rge_inb_v1.0_200MeV,TOF P1 sec.3 left was out,prod,,https://logbooks.jlab.org/entry/4279673,https://logbooks.jlab.org/entry/4279681,https://logbooks.jlab.org/entry/4279689,https://logbooks.jlab.org/entry/4279688
20165,2024-04-14 13:27:12,2:04:18,"63,897,060",85 nA,"10,547.3",OUT,LD2 + C,-1.00,-1.00,rge_inb_v1.0_200MeV,FTOF S3P1A Left PMTs are off,prod,,https://logbooks.jlab.org/entry/4279692,https://logbooks.jlab.org/entry/4279704,https://logbooks.jlab.org/entry/4279726,https://logbooks.jlab.org/entry/4279727
20166,2024-04-14 15:43:09,1:25:30,"42,460,427",85 nA,"10,547.3",OUT,LD2 + C,-1.00,-1.00,rge_inb_v1.0_200MeV,Production - R1 SVT issue at the end of the run,prod,SVT R1_S10T_Slot8 MINOR alarm last 20 min,https://logbooks.jlab.org/entry/4279730,https://logbooks.jlab.org/entry/4279735,https://logbooks.jlab.org/entry/4279762,https://logbooks.jlab.org/entry/4279763
20167,2024-04-14 17:13:04,2:49:06,"75,271,672",85 nA,"10,547.3",OUT,LD2 + C,-1.00,-1.00,rge_inb_v1.0_200MeV,Production - good run tdcpcal event at the end,prod,FMT alarm / Stop run because of tdcpcal6,https://logbooks.jlab.org/entry/4279765,https://logbooks.jlab.org/entry/4279773,https://logbooks.jlab.org/entry/4279810,https://logbooks.jlab.org/entry/4279811
20168,2024-04-14 20:11:24,0:27:18,"14,128,014",85 nA,"10,547.3",OUT,LD2 + C,-1.00,-1.00,rge_inb_v1.0_200MeV,Production - Almost good because of several FMT L1 trips,prod,multiple FMT L1 trip,https://logbooks.jlab.org/entry/4279814,https://logbooks.jlab.org/entry/4279823,https://logbooks.jlab.org/entry/4279826,
20169,2024-04-14 20:42:11,3:17:19,"103,281,783",85 nA,"10,547.3",OUT,LD2 + C,-1.00,-1.00,rge_inb_v1.0_200MeV,Production - Good run,prod,,https://logbooks.jlab.org/entry/4279828 https://logbooks.jlab.org/entry/4279840 https://logbooks.jlab.org/entry/4279884 https://logbooks.jlab.org/entry/4279886,https://logbooks.jlab.org/entry/4279840,https://logbooks.jlab.org/entry/4279886,https://logbooks.jlab.org/entry/4279884
20170,2024-04-15 0:04:12,3:05:09,"96,434,217",85 nA,"10,547.3",OUT,LD2 + C,-1.00,-1.00,rge_inb_v1.0_200MeV,Production,prod,CND alarm on HW CAMAC,https://logbooks.jlab.org/entry/4279888,https://logbooks.jlab.org/entry/4279894,https://logbooks.jlab.org/entry/4279950,https://logbooks.jlab.org/entry/4279949
20171,2024-04-15 3:13:43,2:01:27,"59,291,443",85 nA,"10,547.3",OUT,LD2 + C,-1.00,-1.00,rge_inb_v1.0_200MeV,Production,prod,BMT trip. S3L4 strip,https://logbooks.jlab.org/entry/4279952,https://logbooks.jlab.org/entry/4279955,https://logbooks.jlab.org/entry/4279982,https://logbooks.jlab.org/entry/4279981
20172,2024-04-15 5:25:46,1:40:00,"45,416,947",85 nA,"10,547.3",OUT,LD2 + C,-1.00,-1.00,rge_inb_v1.0_200MeV,Production - issue with Sec 5 TDC ecal and ftof,maybe,BMT trip. S3L4 strip,https://logbooks.jlab.org/entry/4279994,https://logbooks.jlab.org/entry/4279993,https://logbooks.jlab.org/entry/4280020,https://logbooks.jlab.org/entry/4280019
20173,2024-04-15 7:13:13,3:00:05,"85,057,040",85 nA,"10,547.3",OUT,LD2 + C,-1.00,-1.00,rge_inb_v1.0_200MeV,Production,prod,,https://logbooks.jlab.org/entry/4280031,https://logbooks.jlab.org/entry/4280035,https://logbooks.jlab.org/entry/4280116,https://logbooks.jlab.org/entry/4280115
20174,2024-04-15 10:29:43,0:17:51,"4,692,946",85 nA,"10,547.3",OUT,LD2 + C,-1.00,-1.00,rge_inb_v1.0_200MeV,Production,prod,BMT HV sec 2 L4 strip tripped,https://logbooks.jlab.org/entry/4280124,https://logbooks.jlab.org/entry/4280129,https://logbooks.jlab.org/entry/4280131,https://logbooks.jlab.org/entry/4280130
20175,2024-04-15 11:35:47,0:49:33,"19,404,178",85 nA,"10,547.3",OUT,LD2 + C,-1.00,-1.00,rge_inb_v1.0_200MeV,Production,prod,,https://logbooks.jlab.org/entry/4280152,https://logbooks.jlab.org/entry/4280158,https://logbooks.jlab.org/entry/4280184,https://logbooks.jlab.org/entry/4280182
20176,2024-04-15 12:52:43,2:59:58,"86,538,398",85 nA,"10,547.3",OUT,LD2 + C,-1.00,-1.00,rge_inb_v1.0_200MeV,Production,prod,,https://logbooks.jlab.org/entry/4280196,https://logbooks.jlab.org/entry/4280228,https://logbooks.jlab.org/entry/4280284,https://logbooks.jlab.org/entry/4280285
20178,2024-04-15 16:57:47,0:49:10,"21,692,124",70 nA,"10,547.3",OUT,LD2 + Cu,-1.00,-1.00,rge_inb_v1.0_200MeV,Production - End run because of CND camac1 reboot,prod,,https://logbooks.jlab.org/entry/4280333,https://logbooks.jlab.org/entry/4280340,https://logbooks.jlab.org/entry/4280349,https://logbooks.jlab.org/entry/4280350
20179,2024-04-15 17:58:26,1:17:21,"32,951,772",70 nA,"10,547.3",OUT,LD2 + Cu,-1.00,-1.00,rge_inb_v1.0_200MeV,Production - tdcpcal issue at the end,prod,MVT S3_L4 trip / tdcpcal6 issue at the end,https://logbooks.jlab.org/entry/4280352,https://logbooks.jlab.org/entry/4280357,https://logbooks.jlab.org/entry/4280373,https://logbooks.jlab.org/entry/4280374
20182,2024-04-15 23:02:40,3:05:37,"67,843,502",70 nA,"10,547.3",OUT,LD2 + Cu,-1.00,-1.00,rge_inb_v1.0_200MeV,Production,prod,,https://logbooks.jlab.org/entry/4280436,https://logbooks.jlab.org/entry/4280505,https://logbooks.jlab.org/entry/4280530,https://logbooks.jlab.org/entry/4280527
20183,2024-04-16 2:12:17,3:15:13,"80,466,094",70 nA,"10,547.3",OUT,LD2 + Cu,-1.00,-1.00,rge_inb_v1.0_200MeV,Production,prod,,https://logbooks.jlab.org/entry/4280533,https://logbooks.jlab.org/entry/4280534,https://logbooks.jlab.org/entry/4280578,https://logbooks.jlab.org/entry/4280577
20184,2024-04-16 5:44:34,3:18:55,"82,287,191",70 nA,"10,547.3",OUT,LD2 + Cu,-1.00,-1.00,rge_inb_v1.0_200MeV,Production,prod,RICH alarm 3rd row of tiles in sector 1 went out,https://logbooks.jlab.org/entry/4280585,https://logbooks.jlab.org/entry/4280588,https://logbooks.jlab.org/entry/4280666,
20185,2024-04-17 13:36:06,3:01:51,"66,713,493",75 na,"10,547.3",OUT,LD2 + Cu,-1.00,-1.00,rge_inb_v1.0_200MeV,production,prod,,https://logbooks.jlab.org/entry/4281475,https://logbooks.jlab.org/entry/4281492,https://logbooks.jlab.org/entry/4281626,https://logbooks.jlab.org/entry/4281627
20186,2024-04-17 16:44:12,3:01:13,"77,500,441",75 nA,"10,547.3",OUT,LD2 + Cu,-1.00,-1.00,rge_inb_v1.0_200MeV,production,prod,,https://logbooks.jlab.org/entry/4281631,https://logbooks.jlab.org/entry/4281648,https://logbooks.jlab.org/entry/4281707,https://logbooks.jlab.org/entry/4281708
20187,2024-04-17 19:49:50,0:52:19,"21,627,391",75 nA,"10,547.3",OUT,LD2 + Cu,-1.00,-1.00,rge_inb_v1.0_200MeV,production,prod,Stopped because beam is OFF.,https://logbooks.jlab.org/entry/4281709,https://logbooks.jlab.org/entry/4281732,https://logbooks.jlab.org/entry/4281724,https://logbooks.jlab.org/entry/4281725
20191,2024-04-17 22:33:41,1:48:37,"50,701,741",75 nA,"10,547.3",OUT,LD2 + Cu,-1.00,-1.00,rge_inb_v1.0_200MeV,production - adcecal1 busy at the end,prod,,https://logbooks.jlab.org/entry/4281780,https://logbooks.jlab.org/entry/4281788,https://logbooks.jlab.org/entry/4281851,https://logbooks.jlab.org/entry/4281850
20192,2024-04-18 0:29:22,3:05:26,"85,010,534",75 nA,"10,547.3",OUT,LD2 + Cu,-1.00,-1.00,rge_inb_v1.0_200MeV,Production,prod,,https://logbooks.jlab.org/entry/4281858,https://logbooks.jlab.org/entry/4281904,https://logbooks.jlab.org/entry/4281988,https://logbooks.jlab.org/entry/4281989
20193,2024-04-18 3:38:56,1:39:49,"40,690,138",75 nA,"10,547.3",OUT,LD2 + Cu,-1.00,-1.00,rge_inb_v1.0_200MeV,Production,prod,,https://logbooks.jlab.org/entry/4282015,https://logbooks.jlab.org/entry/4282027,https://logbooks.jlab.org/entry/4282055,https://logbooks.jlab.org/entry/4282056
20194,2024-04-18 5:33:41,1:27:32,"34,258,384",75 nA,"10,547.3",OUT,LD2 + Cu,-1.00,-1.00,rge_inb_v1.0_200MeV,Production - adcecal6 busy,prod,BMT trip S2L4 strip twice,https://logbooks.jlab.org/entry/4282074,https://logbooks.jlab.org/entry/4282091,https://logbooks.jlab.org/entry/4282116,https://logbooks.jlab.org/entry/4282117
20195,2024-04-18 7:08:59,2:58:01,"80,006,058",75 nA,"10,547.3",OUT,LD2 + Cu,-1.00,-1.00,rge_inb_v1.0_200MeV,Production - HWP IN,prod,BMT HV Sec 3 L4 strip tripped,https://logbooks.jlab.org/entry/4282136,https://logbooks.jlab.org/entry/4282137,https://logbooks.jlab.org/entry/4282266,https://logbooks.jlab.org/entry/4282267
20196,2024-04-18 10:11:29,1:32:47,"41,740,827",75 nA,"10,547.3",OUT,LD2 + Cu,-1.00,-1.00,rge_inb_v1.0_200MeV,Production HW IN,prod,BMT HV Sec 3 L4 strip tripped,https://logbooks.jlab.org/entry/4282278,https://logbooks.jlab.org/entry/4282282,https://logbooks.jlab.org/entry/4282282,https://logbooks.jlab.org/entry/4282374
20197,2024-04-18 11:49:43,2:59:59,"63,722,715",75 nA,"10,547.3",OUT,LD2 + Cu,-1.00,-1.00,rge_inb_v1.0_200MeV,Production HWP OUT,prod,BMT HV Sec2 L4 strip tripped,https://logbooks.jlab.org/entry/4282404,https://logbooks.jlab.org/entry/4282405,https://logbooks.jlab.org/entry/4282518,https://logbooks.jlab.org/entry/4282517
20198,2024-04-18 14:54:07,0:07:06,"1,678,680",75 nA,"10,547.3",OUT,LD2 + Cu,-1.00,-1.00,rge_inb_v1.0_200MeV,Production HWP OUT,maybe,roc dc12 crash,,,,
20199,2024-04-18 15:06:40,2:00:17,"49,102,650",75 nA,"10,547.3",OUT,LD2 + Cu,-1.00,-1.00,rge_inb_v1.0_200MeV,Production. HWP OUT,prod,Run stopped adcecal5 busy.,https://logbooks.jlab.org/entry/4282536,https://logbooks.jlab.org/entry/4282562,https://logbooks.jlab.org/entry/4282649,https://logbooks.jlab.org/entry/4282650
20200,2024-04-18 17:12:08,0:44:38,"15,927,262",75 nA,"10,547.3",OUT,LD2 + Cu,-1.00,-1.00,rge_inb_v1.0_200MeV,production,prod,Run Stopped no beam for a little while,https://logbooks.jlab.org/entry/4282684,,https://logbooks.jlab.org/entry/4282706,https://logbooks.jlab.org/entry/4282773
20201,2024-04-18 18:08:28,3:00:53,"82,729,308",75 nA,"10,547.3",OUT,LD2 + Cu,-1.00,-1.00,rge_inb_v1.0_200MeV,production,prod,BMT HV SEC2 L4 STRIP tripped,https://logbooks.jlab.org/entry/4282731,https://logbooks.jlab.org/entry/4282754,https://logbooks.jlab.org/entry/4282886,https://logbooks.jlab.org/entry/4282889
20202,2024-04-18 21:14:36,3:00:10,"79,531,155",75 nA,"10,547.3",OUT,LD2 + Cu,-1.00,-1.00,rge_inb_v1.0_200MeV,production,prod,FMT HV alarm,https://logbooks.jlab.org/entry/4282938,https://logbooks.jlab.org/entry/4282907,https://logbooks.jlab.org/entry/4283018,https://logbooks.jlab.org/entry/4283016
20203,2024-04-19 0:18:50,1:47:17,"40,702,181",75 nA,"10,547.3",OUT,LD2 + Cu,-1.00,-1.00,rge_inb_v1.0_200MeV,Production,prod,run stopped due no beam,https://logbooks.jlab.org/entry/4283024,https://logbooks.jlab.org/entry/4283025,https://logbooks.jlab.org/entry/4283060,https://logbooks.jlab.org/entry/4283059
20205,2024-04-19 2:22:02,0:46:43,"23,779,397",75 nA,"10,547.3",OUT,LD2 + Cu,-1.00,-1.00,rge_inb_v1.0_200MeV,Production - adcpcal2 busy,prod,,https://logbooks.jlab.org/entry/4283070,https://logbooks.jlab.org/entry/4283072,https://logbooks.jlab.org/entry/4283082,https://logbooks.jlab.org/entry/4283081
20207,2024-04-19 3:22:50,3:04:09,"92,535,398",75 nA,"10,547.3",OUT,LD2 + Cu,-1.00,-1.00,rge_inb_v1.0_200MeV,Production,prod,BMT S2L1 has few hot channels,https://logbooks.jlab.org/entry/4283092,https://logbooks.jlab.org/entry/4283094,https://logbooks.jlab.org/entry/4283206,https://logbooks.jlab.org/entry/4283205
20208,2024-04-19 6:40:34,3:00:49,"84,059,738",75 nA,"10,547.3",OUT,LD2 + Cu,-1.00,-1.00,rge_inb_v1.0_200MeV,Production,prod,,https://logbooks.jlab.org/entry/4283235,https://logbooks.jlab.org/entry/4283237,https://logbooks.jlab.org/entry/4283386,https://logbooks.jlab.org/entry/4283387
20209,2024-04-19 9:45:48,1:04:58,"25,903,481",75 nA,"10,547.3",OUT,LD2 + Cu,-1.00,-1.00,rge_inb_v1.0_200MeV,Production,prod,BMT HV Sec 3 L4 strip tripped twice / mvt1 busy,https://logbooks.jlab.org/entry/4283392,https://logbooks.jlab.org/entry/4283401,https://logbooks.jlab.org/entry/4283445,https://logbooks.jlab.org/entry/4283446
20214,2024-04-19 11:38:43,2:01:08,"56,182,989",75 nA,"10,547.3",OUT,LD2 + Cu,-1.00,-1.00,rge_inb_v1.0_200MeV,Production,prod,,https://logbooks.jlab.org/entry/4283485,https://logbooks.jlab.org/entry/4283495,https://logbooks.jlab.org/entry/4283553,https://logbooks.jlab.org/entry/4283552
20215,2024-04-19 13:48:54,3:00:49,"75,151,161",75 nA,"10,547.3",OUT,LD2 + Cu,-1.00,-1.00,rge_inb_v1.0_200MeV,Production,prod,BMT HV Sec 2 L4 strip tripped,https://logbooks.jlab.org/entry/4283561,https://logbooks.jlab.org/entry/4283565,https://logbooks.jlab.org/entry/4283659,https://logbooks.jlab.org/entry/4283726
20216,2024-04-19 16:54:31,3:00:52,"80,880,823",75 nA,"10,547.3",OUT,LD2 + Cu,-1.00,-1.00,rge_inb_v1.0_200MeV,production,prod,BMT HV SEC 3 L4 STRIP tripped,https://logbooks.jlab.org/entry/4283687,https://logbooks.jlab.org/entry/4283688,https://logbooks.jlab.org/entry/4283836,https://logbooks.jlab.org/entry/4283840
20217,2024-04-19 20:00:07,3:01:50,"80,383,779",75 nA,"10,547.3",OUT,LD2 + Cu,-1.00,-1.00,rge_inb_v1.0_200MeV,production,prod,BMT HV SEC 1 L4 STRIP tripped,https://logbooks.jlab.org/entry/4283858,https://logbooks.jlab.org/entry/4283860,https://logbooks.jlab.org/entry/4283931,https://logbooks.jlab.org/entry/4283932
20219,2024-04-19 23:15:44,2:53:16,"80,682,690",75 nA,"10,547.3",OUT,LD2 + Cu,-1.00,-1.00,rge_inb_v1.0_200MeV,Production,prod,,https://logbooks.jlab.org/entry/4283949,https://logbooks.jlab.org/entry/4283952,https://logbooks.jlab.org/entry/4284033,https://logbooks.jlab.org/entry/4284032
20220,2024-04-20 2:13:33,2:42:19,"69,626,133",75 nA,"10,547.3",OUT,LD2 + Cu,-1.00,-1.00,rge_inb_v1.0_200MeV,Production,prod,RICH is missing a fiber in sector 1,https://logbooks.jlab.org/entry/4284039,https://logbooks.jlab.org/entry/4284040,https://logbooks.jlab.org/entry/4284160,https://logbooks.jlab.org/entry/4284157
20221,2024-04-20 5:12:54,2:53:46,"79,715,270",75 nA,"10,547.3",OUT,LD2 + Cu,-1.00,-1.00,rge_inb_v1.0_200MeV,Production,prod,RICH is missing a fiber in sector 1,https://logbooks.jlab.org/entry/4284178,https://logbooks.jlab.org/entry/4284179,https://logbooks.jlab.org/entry/4284254,https://logbooks.jlab.org/entry/4284255
20222,2024-04-20 8:11:38,1:11:27,"28,625,745",75 nA,"10,547.3",OUT,LD2 + Cu,-1.00,-1.00,rge_inb_v1.0_200MeV,Prod,prod,,https://logbooks.jlab.org/entry/4284281,https://logbooks.jlab.org/entry/4284308,https://logbooks.jlab.org/entry/4284327,https://logbooks.jlab.org/entry/4284328
20223,2024-04-20 10:45:30,3:00:23,"90,356,796",75 nA,"10,547.3",OUT,LD2 + Cu,-1.00,-1.00,rge_inb_v1.0_200MeV,prod,prod,BMT HV problem Sec 3 L3 / BMT HV problem Sec 2 L4,https://logbooks.jlab.org/entry/4284364,https://logbooks.jlab.org/entry/4284370,https://logbooks.jlab.org/entry/4284434,https://logbooks.jlab.org/entry/4284436
20224,2024-04-20 13:51:33,0:11:02,"2,958,048",75 nA,"10,547.3",OUT,LD2 + Cu,-1.00,-1.00,rge_inb_v1.0_200MeV,Prod,maybe,,,,,
20225,2024-04-20 14:32:05,2:48:57,"84,237,863",75 nA,"10,547.3",OUT,LD2 + Cu,-1.00,-1.00,rge_inb_v1.0_200MeV,PROD,prod,BMT HV problem Sec 3 L4,https://logbooks.jlab.org/entry/4284479,https://logbooks.jlab.org/entry/4284582,https://logbooks.jlab.org/entry/4284589,https://logbooks.jlab.org/entry/4284594
20226,2024-04-20 17:30:33,3:00:01,"84,852,906",75 nA,"10,547.3",OUT,LD2 + Cu,-1.00,-1.00,rge_inb_v1.0_200MeV,PROD,prod,,https://logbooks.jlab.org/entry/4284609,https://logbooks.jlab.org/entry/4284672,https://logbooks.jlab.org/entry/4284754,https://logbooks.jlab.org/entry/4284756
20227,2024-04-20 20:35:41,2:59:39,"78,737,262",75 nA,"10,547.3",OUT,LD2 + Cu,-1.00,-1.00,rge_inb_v1.0_200MeV,PROD,prod,,https://logbooks.jlab.org/entry/4284777,https://logbooks.jlab.org/entry/4284876,https://logbooks.jlab.org/entry/4284943,https://logbooks.jlab.org/entry/4284946
20228,2024-04-20 23:41:41,1:10:29,"28,018,216",75 nA,"10,547.3",OUT,LD2 + Cu,-1.00,-1.00,rge_inb_v1.0_200MeV,PROD,prod,"Rebooted Rocs mvt1,2,3 / Cycled HV of ""B_DET_BMT_HV_SEC2_L4_STRIP""",https://logbooks.jlab.org/entry/4284959,https://logbooks.jlab.org/entry/4284982,https://logbooks.jlab.org/entry/4285036,https://logbooks.jlab.org/entry/4285038
20229,2024-04-21 0:59:06,1:27:30,"32,068,063",,"10,547.3",OUT,LD2 + Cu,-1.00,-1.00,rge_inb_v1.0_200MeV,,prod,MCC tuned 2321A.YPOS to ~0.7 /tdcpcal6 (100% busy),https://logbooks.jlab.org/entry/4285039,https://logbooks.jlab.org/entry/4285050,https://logbooks.jlab.org/entry/4285075,https://logbooks.jlab.org/entry/4285078
20230,2024-04-21 2:36:22,3:15:16,"63,780,615",,"10,547.3",OUT,LD2 + Cu,-1.00,-1.00,rge_inb_v1.0_200MeV,,prod,MVT HV alarm from B_DET_BMT_HV_SEC1_L4_STRIP /  FMT gas alarm and  HV alarm,https://logbooks.jlab.org/entry/4285085,https://logbooks.jlab.org/entry/4285094,https://logbooks.jlab.org/entry/4285173,https://logbooks.jlab.org/entry/4285174
20231,2024-04-21 5:57:59,3:12:00,"82,540,198",,"10,547.3",OUT,LD2 + Cu,-1.00,-1.00,rge_inb_v1.0_200MeV,PROD,prod,,https://logbooks.jlab.org/entry/4285175,https://logbooks.jlab.org/entry/4285197,https://logbooks.jlab.org/entry/4285279,https://logbooks.jlab.org/entry/4285281
20232,2024-04-21 10:26:52,2:09:36,"42,524,250",70 nA,"10,547.3",OUT,LD2 + Pb,-1.00,-1.00,rge_inb_v1.0_200MeV,PROD,prod,roc adcpcal2 show 100% busy.,https://logbooks.jlab.org/entry/4285344,https://logbooks.jlab.org/entry/4285370,https://logbooks.jlab.org/entry/4285461,https://logbooks.jlab.org/entry/4285462
20234,2024-04-21 13:01:02,3:02:11,"62,278,008",70 nA,"10,547.3",OUT,LD2 + Pb,-1.00,-1.00,rge_inb_v1.0_200MeV,Prod,prod,MVT S3L4 trip twice / MVT S2L4 trip twice,https://logbooks.jlab.org/entry/4285495,https://logbooks.jlab.org/entry/4285523,https://logbooks.jlab.org/entry/4285609,https://logbooks.jlab.org/entry/4285608
20235,2024-04-21 16:09:01,1:33:28,"31,184,701",70 nA,"10,547.3",OUT,LD2 + Pb,-1.00,-1.00,rge_inb_v1.0_200MeV,PROD,prod,beam position alarms / BMT SEC2 L4 Strip tripped / adcftof 100% busy,https://logbooks.jlab.org/entry/4285623,https://logbooks.jlab.org/entry/4285656,https://logbooks.jlab.org/entry/4285659,https://logbooks.jlab.org/entry/4285660
20244,2024-04-22 1:09:26,1:01:37,"20,065,701",70 nA,"10,547.3",OUT,LD2 + Pb,-1.00,-1.00,rge_inb_v1.0_200MeV,,prod,"""tdcftof5"" (100% busy)",https://logbooks.jlab.org/entry/4285940,https://logbooks.jlab.org/entry/4285958,https://logbooks.jlab.org/entry/4285966,https://logbooks.jlab.org/entry/4285967
20245,2024-04-22 2:32:58,3:11:27,"64,159,384",70 nA,"10,547.3",OUT,LD2 + Pb,-1.00,-1.00,rge_inb_v1.0_200MeV,production,prod,Rich Alarm / BMT alarm from SEC 2 layer 4 strip,https://logbooks.jlab.org/entry/4285981,https://logbooks.jlab.org/entry/4285990,https://logbooks.jlab.org/entry/4286052,https://logbooks.jlab.org/entry/4286053
20246,2024-04-22 5:50:02,3:08:41,"60,437,614",70 nA,"10,547.3",OUT,LD2 + Pb,-1.00,-1.00,rge_inb_v1.0_200MeV,production,prod,BMT alarm from SEC 2 layer 4 strip,https://logbooks.jlab.org/entry/4286059,https://logbooks.jlab.org/entry/4286077,https://logbooks.jlab.org/entry/4286165,https://logbooks.jlab.org/entry/4286164
20247,2024-04-22 9:08:06,0:19:05,"6,381,191",70 nA,"10,547.3",OUT,LD2 + Pb,-1.00,-1.00,rge_inb_v1.0_200MeV,"short run, MC will bring Hall-A up and it will take 10-15 min",prod,BMT HV Sec3L4 tripped,https://logbooks.jlab.org/entry/4286177,https://logbooks.jlab.org/entry/4286180,https://logbooks.jlab.org/entry/4286184,https://logbooks.jlab.org/entry/4286183
20248,2024-04-22 10:30:15,0:35:00,"5,606,587",70 nA,"10,547.3",OUT,LD2 + Pb,-1.00,-1.00,rge_inb_v1.0_200MeV,"short run due to RF cavity issue, otherwise good 5.6 M triggers",prod,BMT Sec2L4 HV,https://logbooks.jlab.org/entry/4286219,https://logbooks.jlab.org/entry/4286225,https://logbooks.jlab.org/entry/4286239,https://logbooks.jlab.org/entry/4286240
20249,2024-04-22 11:31:34,1:07:09,"18,503,602",70 nA,"10,547.3",OUT,LD2 + Pb,-1.00,-1.00,rge_inb_v1.0_200MeV,,prod,alarms on FMT gas,https://logbooks.jlab.org/entry/4286251,https://logbooks.jlab.org/entry/4286254,https://logbooks.jlab.org/entry/4286281,https://logbooks.jlab.org/entry/4286280
20252,2024-04-22 15:38:02,2:59:16,"53,308,394",70 nA,"10,547.3",OUT,LD2 + Pb,-1.00,-1.00,rge_inb_v1.0_200MeV,PROD,prod,BMT SEC3 L4 strip tripped / beamline asymmetry alarms,https://logbooks.jlab.org/entry/4286406,https://logbooks.jlab.org/entry/4286457,https://logbooks.jlab.org/entry/4286543,https://logbooks.jlab.org/entry/4286544
20253,2024-04-22 18:42:37,1:50:48,"33,667,908",70 nA,"10,547.3",OUT,LD2 + Pb,-1.00,-1.00,rge_inb_v1.0_200MeV,PROD,prod,BMT SEC2 L4 strip tripped / BMT SEC3 L4 strip tripped /  tdcpcal6 100% busy,https://logbooks.jlab.org/entry/4286551,https://logbooks.jlab.org/entry/4286626,https://logbooks.jlab.org/entry/4286662,https://logbooks.jlab.org/entry/4286663
20254,2024-04-22 20:41:27,1:58:58,"34,265,019",70 nA,"10,547.3",OUT,LD2 + Pb,-1.00,-1.00,rge_inb_v1.0_200MeV,PROD,prod,tdcpcal6 100% busy,https://logbooks.jlab.org/entry/4286668,https://logbooks.jlab.org/entry/4286769,https://logbooks.jlab.org/entry/4286767,https://logbooks.jlab.org/entry/4286768
20255,2024-04-22 22:54:16,0:23:21,"5,978,748",70 nA,"10,547.3",OUT,LD2 + Pb,-1.00,-1.00,rge_inb_v1.0_200MeV,PROD,prod,dc12 100% busy,https://logbooks.jlab.org/entry/4286786,https://logbooks.jlab.org/entry/4286798,https://logbooks.jlab.org/entry/4286799,https://logbooks.jlab.org/entry/4286800
20256,2024-04-22 23:41:26,2:09:26,"38,639,557",70 nA,"10,547.3",OUT,LD2 + Pb,-1.00,-1.00,rge_inb_v1.0_200MeV,PROD,prod,,https://logbooks.jlab.org/entry/4286817,https://logbooks.jlab.org/entry/4286833,https://logbooks.jlab.org/entry/4286892,https://logbooks.jlab.org/entry/4286893
20257,2024-04-23 1:58:54,2:40:06,"52,346,399",70 nA,"10,547.3",OUT,LD2 + Pb,-1.00,-1.00,rge_inb_v1.0_200MeV,Production,prod,BMT HV SEC3 L4 tripped,https://logbooks.jlab.org/entry/4286904,https://logbooks.jlab.org/entry/4286934,https://logbooks.jlab.org/entry/4286986,https://logbooks.jlab.org/entry/4286987
20258,2024-04-23 4:43:30,1:20:37,"27,393,720",70 nA,"10,547.3",OUT,LD2 + Pb,-1.00,-1.00,rge_inb_v1.0_200MeV,PROD,prod,BMT HV SEC2 L4 tripped / hot channel in the BMT,https://logbooks.jlab.org/entry/4286988,https://logbooks.jlab.org/entry/4287000,https://logbooks.jlab.org/entry/4287050,https://logbooks.jlab.org/entry/4287051
20260,2024-04-23 6:33:12,0:37:49,"12,158,402",70 nA,"10,547.3",OUT,LD2 + Pb,-1.00,-1.00,rge_inb_v1.0_200MeV,PROD,prod,adcecal2 problem,https://logbooks.jlab.org/entry/4287067,https://logbooks.jlab.org/entry/4287083,https://logbooks.jlab.org/entry/4287098,https://logbooks.jlab.org/entry/4287097
20263,2024-04-23 7:40:46,1:11:52,"25,000,154",70 nA,"10,547.3",OUT,LD2 + Pb,-1.00,-1.00,rge_inb_v1.0_200MeV,PROD,prod,,https://logbooks.jlab.org/entry/4287128,https://logbooks.jlab.org/entry/4287136,https://logbooks.jlab.org/entry/4287177,https://logbooks.jlab.org/entry/4287176
20264,2024-04-24 7:18:23,1:48:13,"31,797,306",70 nA,"10,547.3",OUT,LD2 + Pb,-1.00,-1.00,rge_inb_v1.0_200MeV,prod,prod,BMT Sec1 L4 tripped,https://logbooks.jlab.org/entry/4287847,https://logbooks.jlab.org/entry/4287853,https://logbooks.jlab.org/entry/4287922,https://logbooks.jlab.org/entry/4287926
20265,2024-04-24 9:34:35,0:26:42,"6,189,517",70 nA,"10,547.3",OUT,LD2 + Pb,-1.00,-1.00,rge_inb_v1.0_200MeV,prod,prod,MCC took beam away,,,,
20266,2024-04-24 11:45:11,0:48:32,"13,070,954",70 nA,"10,547.3",OUT,LD2 + Pb,-1.00,-1.00,rge_inb_v1.0_200MeV,prod,prod,scaler1 roc busy,https://logbooks.jlab.org/entry/4288000,https://logbooks.jlab.org/entry/4288004,https://logbooks.jlab.org/entry/4288016,https://logbooks.jlab.org/entry/4288017
20267,2024-04-24 12:39:21,3:04:08,"52,366,107",70 nA,"10,547.3",OUT,LD2 + Pb,-1.00,-1.00,rge_inb_v1.0_200MeV,prod,prod,,https://logbooks.jlab.org/entry/4288111,https://logbooks.jlab.org/entry/4288030,https://logbooks.jlab.org/entry/4288119,https://logbooks.jlab.org/entry/4288117
20271,2024-04-24 21:19:11,0:41:02,"3,657,707",160 nA,"10,547.3",OUT,Empty + Pb,-1.00,-1.00,rge_inb_v1.0_200MeV,prod,prod,dc62vtp lost connection and end run failed too,https://logbooks.jlab.org/entry/4288366,https://logbooks.jlab.org/entry/4288367,,https://logbooks.jlab.org/entry/4288370
20272,2024-04-24 22:08:13,2:39:15,"36,305,051",160 nA,"10,547.3",OUT,Empty + Pb,-1.00,-1.00,rge_inb_v1.0_200MeV,prod,prod,,https://logbooks.jlab.org/entry/4288380,https://logbooks.jlab.org/entry/4288383,,https://logbooks.jlab.org/entry/4288457
20273,2024-04-25 0:54:39,3:01:15,"48,649,806",160 nA,"10,547.3",OUT,Empty + Pb,-1.00,-1.00,rge_inb_v1.0_200MeV,prod,prod,crate not responding (camac1) / BMT HV alarm s2l4 / BMT HV alarm s3l5 twice,https://logbooks.jlab.org/entry/4288463,https://logbooks.jlab.org/entry/4288464,https://logbooks.jlab.org/entry/4288541,https://logbooks.jlab.org/entry/4288540
20274,2024-04-25 4:01:48,3:05:19,"53,015,706",160 nA,"10,547.3",OUT,Empty + Pb,-1.00,-1.00,rge_inb_v1.0_200MeV,prod,prod,BMT HV alarm s3l5 twice,https://logbooks.jlab.org/entry/4288550,https://logbooks.jlab.org/entry/4288556,https://logbooks.jlab.org/entry/4288626,https://logbooks.jlab.org/entry/4288627
20275,2024-04-25 7:15:15,1:21:21,"19,858,587",160 nA,"10,547.3",OUT,Empty + Pb,-1.00,-1.00,rge_inb_v1.0_200MeV,prod,prod,multiple BMT HV channel s3l5 trips and reduced its voltaje gradually / All HV channels in sector 6 tripped at the same time in FTOF and PCAL,https://logbooks.jlab.org/entry/4288642,https://logbooks.jlab.org/entry/4288644,https://logbooks.jlab.org/entry/4288689,https://logbooks.jlab.org/entry/4288691
20288,2024-04-25 21:31:34,3:00:28,"61,215,346",70 nA,"10,547.3",OUT,LD2 + Pb,-1.00,-1.00,rge_inb_v1.0_200MeV,prod,prod,BMT HV s3l5 tripped / BMT HV s2l4 tripped,https://logbooks.jlab.org/entry/4289082,https://logbooks.jlab.org/entry/4289085,https://logbooks.jlab.org/entry/4289168,https://logbooks.jlab.org/entry/4289170
20289,2024-04-26 0:36:57,1:04:18,"20,746,507",70 nA,"10,547.3",OUT,LD2 + Pb,-1.00,-1.00,rge_inb_v1.0_200MeV,prod,prod,BMT HV s3l5 tripped twice /  ROC dc52 busy,https://logbooks.jlab.org/entry/4289175,https://logbooks.jlab.org/entry/4289179,https://logbooks.jlab.org/entry/4289192,https://logbooks.jlab.org/entry/4289193
20290,2024-04-26 1:50:10,2:58:48,"46,649,172",70 nA,"10,547.3",OUT,LD2 + Pb,-1.00,-1.00,rge_inb_v1.0_200MeV,prod,prod,,https://logbooks.jlab.org/entry/4289208,https://logbooks.jlab.org/entry/4289209,https://logbooks.jlab.org/entry/4289281,https://logbooks.jlab.org/entry/4289282
20291,2024-04-26 4:54:12,2:59:20,"55,209,990",70 nA,"10,547.3",OUT,LD2 + Pb,-1.00,-1.00,rge_inb_v1.0_200MeV,prod,prod,BMT HV s2l4 tripped / BMT HV s3l4 tripped,https://logbooks.jlab.org/entry/4289283,https://logbooks.jlab.org/entry/4289317,https://logbooks.jlab.org/entry/4289383,https://logbooks.jlab.org/entry/4289384
20292,2024-04-26 7:58:01,3:02:18,"52,243,608",70 nA,"10,547.3",OUT,LD2 + Pb,-1.00,-1.00,rge_inb_v1.0_200MeV,prod,prod,"BMT sector 2, layer 4 strip HV tripped twice",https://logbooks.jlab.org/entry/4289414,https://logbooks.jlab.org/entry/4289415,https://logbooks.jlab.org/entry/4289509,https://logbooks.jlab.org/entry/4289511
20293,2024-04-26 11:07:09,2:23:05,"44,566,020",70 nA,"10,547.3",IN,LD2 + Pb,-1.00,-1.00,rge_inb_v1.0_200MeV,first run after HWP change,prod,asymmetry charge alarm,https://logbooks.jlab.org/entry/4289539,https://logbooks.jlab.org/entry/4289542,https://logbooks.jlab.org/entry/4289632,https://logbooks.jlab.org/entry/4289633
20294,2024-04-26 19:05:39,2:42:30,"42,089,013",70 nA,"10,547.3",IN,LD2 + Pb,-1.00,-1.00,rge_inb_v1.0_200MeV,prod,prod,adcpcal3 100%,https://logbooks.jlab.org/entry/4289775,https://logbooks.jlab.org/entry/4289777,https://logbooks.jlab.org/entry/4289859,https://logbooks.jlab.org/entry/4289858
20297,2024-04-26 22:09:17,3:05:56,"57,060,130",70 nA,"10,547.3",IN,LD2 + Pb,-1.00,-1.00,rge_inb_v1.0_200MeV,prod,prod,,https://logbooks.jlab.org/entry/4289884,https://logbooks.jlab.org/entry/4289890,https://logbooks.jlab.org/entry/4289961,https://logbooks.jlab.org/entry/4289962
20298,2024-04-27 1:19:54,2:48:00,"54,818,978",70 nA,"10,547.3",IN,LD2 + Pb,-1.00,-1.00,rge_inb_v1.0_200MeV,prod,prod,BMT HV s2l4 channel tripped /  adcpcal1 and adcftof4 busy,https://logbooks.jlab.org/entry/4289967,https://logbooks.jlab.org/entry/4289970,https://logbooks.jlab.org/entry/4290032,https://logbooks.jlab.org/entry/4290033
20299,2024-04-27 4:13:07,1:18:27,"23,380,052",70 nA,"10,547.3",IN,LD2 + Pb,-1.00,-1.00,rge_inb_v1.0_200MeV,prod,prod,RICH number of fibers alarm,https://logbooks.jlab.org/entry/4290050,https://logbooks.jlab.org/entry/4290056,https://logbooks.jlab.org/entry/4290080,https://logbooks.jlab.org/entry/4290081
20300,2024-04-27 5:59:51,0:35:09,"9,716,236",70 nA,"10,547.3",IN,LD2 + Pb,-1.00,-1.00,rge_inb_v1.0_200MeV,,prod,BMT HV s3l4 channel tripped / roc adcecal1 busy,https://logbooks.jlab.org/entry/4290100,https://logbooks.jlab.org/entry/4290107,https://logbooks.jlab.org/entry/4290119,https://logbooks.jlab.org/entry/4290118
20302,2024-04-27 9:02:27,2:59:49,"60,087,722",70 nA,"10,547.3",IN,LD2 + Pb,-1.00,-1.00,rge_inb_v1.0_200MeV,after pass2 separator MCC issues,prod,,https://logbooks.jlab.org/entry/4290198,https://logbooks.jlab.org/entry/4290202,https://logbooks.jlab.org/entry/4290302,https://logbooks.jlab.org/entry/4290310
20303,2024-04-27 12:07:26,2:22:00,"38,747,293",70 nA,"10,547.3",IN,LD2 + Pb,-1.00,-1.00,rge_inb_v1.0_200MeV,"prod, potential adcecal3 issues at the end",prod,,https://logbooks.jlab.org/entry/4290325,https://logbooks.jlab.org/entry/4290327,https://logbooks.jlab.org/entry/4290394,https://logbooks.jlab.org/entry/4290395
20304,2024-04-27 14:38:34,2:57:07,"57,840,911",70 nA,"10,547.3",IN,LD2 + Pb,-1.00,-1.00,rge_inb_v1.0_200MeV,prod,prod,BMT S3L4 tripped,https://logbooks.jlab.org/entry/4290399,https://logbooks.jlab.org/entry/4290421,https://logbooks.jlab.org/entry/4290494,https://logbooks.jlab.org/entry/4290493
20308,2024-04-27 18:03:49,2:57:10,"56,915,798",70 nA,"10,547.3",IN,LD2 + Pb,-1.00,-1.00,rge_inb_v1.0_200MeV,prod,prod,,https://logbooks.jlab.org/entry/4290506,https://logbooks.jlab.org/entry/4290508,https://logbooks.jlab.org/entry/4290604,https://logbooks.jlab.org/entry/4290603
20309,2024-04-27 21:03:47,2:45:56,"50,198,586",70 nA,"10,547.3",IN,LD2 + Pb,-1.00,-1.00,rge_inb_v1.0_200MeV,prod,prod,,https://logbooks.jlab.org/entry/4290605,https://logbooks.jlab.org/entry/4290608,https://logbooks.jlab.org/entry/4290699,https://logbooks.jlab.org/entry/4290702
20312,2024-04-28 0:14:01,3:00:47,"57,241,676",70 nA,"10,547.3",IN,LD2 + Pb,-1.00,-1.00,rge_inb_v1.0_200MeV,production,prod,BMT HV SEC3 L4 STRIP tripped,https://logbooks.jlab.org/entry/4290731,https://logbooks.jlab.org/entry/4290736,https://logbooks.jlab.org/entry/4290797,https://logbooks.jlab.org/entry/4290798
20315,2024-04-28 3:46:15,0:40:27,"9,797,645",70 nA,"10,547.3",IN,LD2 + Pb,-1.00,-1.00,rge_inb_v1.0_200MeV,Production,prod,,https://logbooks.jlab.org/entry/4290814,https://logbooks.jlab.org/entry/4290815,https://logbooks.jlab.org/entry/4290839,https://logbooks.jlab.org/entry/4290840
20316,2024-04-28 6:58:57,3:02:37,"61,986,254",70 nA,"10,547.3",IN,LD2 + Pb,-1.00,-1.00,rge_inb_v1.0_200MeV,prod,prod,BMT HV SEC3 L4 STRIP,https://logbooks.jlab.org/entry/4290880,https://logbooks.jlab.org/entry/4290882,https://logbooks.jlab.org/entry/4290982,https://logbooks.jlab.org/entry/4290981
20317,2024-04-28 10:07:14,3:11:00,"59,390,492",70 nA,"10,547.3",IN,LD2 + Pb,-1.00,-1.00,rge_inb_v1.0_200MeV,prod,prod,tripped BMT HV SEC3 L4 STRIP,https://logbooks.jlab.org/entry/4291031,https://logbooks.jlab.org/entry/4291032,https://logbooks.jlab.org/entry/4291096,https://logbooks.jlab.org/entry/4291095
20321,2024-04-28 13:51:18,3:09:52,"59,347,494",70 nA,"10,547.3",IN,LD2 + Pb,-1.00,-1.00,rge_inb_v1.0_200MeV,,prod,BMT SEC3 L4 strip trip,https://logbooks.jlab.org/entry/4291121,https://logbooks.jlab.org/entry/4291192,,https://logbooks.jlab.org/entry/4291227
20322,2024-04-28 18:38:04,3:06:49,"50,337,114",70 nA,"10,547.3",IN,LD2 + Pb,-1.00,-1.00,rge_inb_v1.0_200MeV,Production,prod,,https://logbooks.jlab.org/entry/4291272,https://logbooks.jlab.org/entry/4291294,https://logbooks.jlab.org/entry/4291436,https://logbooks.jlab.org/entry/4291378
20323,2024-04-28 21:50:54,0:21:52,"1,284,603",70 nA,"10,547.3",IN,LD2 + Pb,-1.00,-1.00,rge_inb_v1.0_200MeV,Production,prod,tdcftof3 100%,,,,
20324,2024-04-28 22:19:34,3:00:51,"56,378,359",70 nA,"10,547.3",IN,LD2 + Pb,-1.00,-1.00,rge_inb_v1.0_200MeV,Production,prod,,https://logbooks.jlab.org/entry/4291393,https://logbooks.jlab.org/entry/4291399,https://logbooks.jlab.org/entry/4291502,
20325,2024-04-29 1:27:02,3:01:25,"59,690,673",70 nA,"10,547.3",IN,LD2 + Pb,-1.00,-1.00,rge_inb_v1.0_200MeV,Production,prod,,https://logbooks.jlab.org/entry/4291504,https://logbooks.jlab.org/entry/4291511,https://logbooks.jlab.org/entry/4291589,https://logbooks.jlab.org/entry/4291588
20326,2024-04-29 4:33:05,0:59:27,"18,987,707",70 nA,"10,547.3",IN,LD2 + Pb,-1.00,-1.00,rge_inb_v1.0_200MeV,Production,prod,,https://logbooks.jlab.org/entry/4291590,https://logbooks.jlab.org/entry/4291594,https://logbooks.jlab.org/entry/4291616,https://logbooks.jlab.org/entry/4291620
20327,2024-04-29 5:47:54,3:09:41,"56,322,811",70 nA,"10,547.3",IN,LD2 + Pb,-1.00,-1.00,rge_inb_v1.0_200MeV,,prod,,https://logbooks.jlab.org/entry/4291634,https://logbooks.jlab.org/entry/4291640,https://logbooks.jlab.org/entry/4291729,https://logbooks.jlab.org/entry/4291728
20330,2024-04-29 9:27:38,1:38:10,"29,070,771",70 nA,"10,547.3",IN,LD2 + Pb,-1.00,-1.00,rge_inb_v1.0_200MeV,prod,maybe,RICH sacalers alarm,https://logbooks.jlab.org/entry/4291772,https://logbooks.jlab.org/entry/4291785,https://logbooks.jlab.org/entry/4291851,https://logbooks.jlab.org/entry/4291852
20333,2024-04-29 12:15:45,1:56:07,"39,459,603",65 nA,"10,547.3",IN,LD2 + Sn,-1.00,-1.00,rge_inb_v1.0_200MeV,Production on Sn,prod,,https://logbooks.jlab.org/entry/4291924,https://logbooks.jlab.org/entry/4291929,https://logbooks.jlab.org/entry/4292026,https://logbooks.jlab.org/entry/4292025
20334,2024-04-29 14:38:31,3:02:11,"53,851,720",65 nA,"10,547.3",IN,LD2 + Sn,-1.00,-1.00,rge_inb_v1.0_200MeV,Production with Sn,prod,Noisy channel for  BMT Layer 4 Sector 1,https://logbooks.jlab.org/entry/4292061,https://logbooks.jlab.org/entry/4292090,https://logbooks.jlab.org/entry/4292222,https://logbooks.jlab.org/entry/4292223
20335,2024-04-29 17:49:12,2:47:44,"55,432,402",65 nA,"10,547.3",IN,LD2 + Sn,-1.00,-1.00,rge_inb_v1.0_200MeV,Production with Sn,maybe,RICH alarm -several channels are not working,https://logbooks.jlab.org/entry/4292241,https://logbooks.jlab.org/entry/4292251,https://logbooks.jlab.org/entry/4292328,https://logbooks.jlab.org/entry/4292330
20336,2024-04-29 20:42:22,1:39:52,"34,793,585",65 nA,"10,547.3",IN,LD2 + Sn,-1.00,-1.00,rge_inb_v1.0_200MeV,Production,maybe,RICH alarm -several channels are not working,https://logbooks.jlab.org/entry/4292337,https://logbooks.jlab.org/entry/4292341,https://logbooks.jlab.org/entry/4292382,https://logbooks.jlab.org/entry/4292383
20339,2024-04-29 22:57:46,3:00:56,"63,479,751",65 nA,"10,547.3",IN,LD2 + Sn,-1.00,-1.00,rge_inb_v1.0_200MeV,Productioin,prod,multiple BMT HV SEC3 L5 STRIP tripped / lower voltaje in channel,https://logbooks.jlab.org/entry/4292418,https://logbooks.jlab.org/entry/4292430,https://logbooks.jlab.org/entry/4292541,https://logbooks.jlab.org/entry/4292543
20340,2024-04-30 2:07:38,3:01:31,"55,022,657",65 nA,"10,547.3",IN,LD2 + Sn,-1.00,-1.00,rge_inb_v1.0_200MeV,Production,prod,,https://logbooks.jlab.org/entry/4292549,https://logbooks.jlab.org/entry/4292603,https://logbooks.jlab.org/entry/4292628,https://logbooks.jlab.org/entry/4292626
20341,2024-04-30 5:27:29,3:06:21,"62,100,175",65 nA,"10,547.3",IN,LD2 + Sn,-1.00,-1.00,rge_inb_v1.0_200MeV,production,prod,,https://logbooks.jlab.org/entry/4292648,https://logbooks.jlab.org/entry/4292656,https://logbooks.jlab.org/entry/4292770,https://logbooks.jlab.org/entry/4292771
20342,2024-04-30 8:52:28,3:05:32,"58,781,989",65 nA,"10,547.3",IN,LD2 + Sn,-1.00,-1.00,rge_inb_v1.0_200MeV,production,prod,Issues with BMT_cOccupancy Layer 4 Sector 1 / BMT HV SEC3 L4 STRIP alarms,https://logbooks.jlab.org/entry/4292800,https://logbooks.jlab.org/entry/4292803,https://logbooks.jlab.org/entry/4292903,https://logbooks.jlab.org/entry/4292902
20344,2024-04-30 12:30:47,0:14:08,"3,844,028",65 nA,"10,547.3",IN,LD2 + Sn,-1.00,-1.00,rge_inb_v1.0_200MeV,production,prod,no beam at the end,,,,
20345,2024-04-30 13:00:59,1:07:10,"18,615,883",65 nA,"10,547.3",IN,LD2 + Sn,-1.00,-1.00,rge_inb_v1.0_200MeV,production,prod,,https://logbooks.jlab.org/entry/4292951,https://logbooks.jlab.org/entry/4292991,https://logbooks.jlab.org/entry/4292991,https://logbooks.jlab.org/entry/4292993
20346,2024-04-30 15:22:02,2:43:24,"49,036,510",65 nA,"10,547.3",IN,LD2 + Sn,-1.00,-1.00,rge_inb_v1.0_200MeV,production,prod,"""tdcpcal6"" shows 100% busy",https://logbooks.jlab.org/entry/4293026,https://logbooks.jlab.org/entry/4293050,https://logbooks.jlab.org/entry/4293229,https://logbooks.jlab.org/entry/4293188
20349,2024-04-30 19:29:23,1:18:54,"24,543,703",65,"10,547.3",IN,LD2 + Sn,-1.00,-1.00,rge_inb_v1.0_200MeV,Production,prod,"roc ""adcecal2"" (100% busy)",https://logbooks.jlab.org/entry/4293222,https://logbooks.jlab.org/entry/4293228,https://logbooks.jlab.org/entry/4293271,https://logbooks.jlab.org/entry/4293257
20350,2024-04-30 21:03:03,3:37:38,"55,001,638",65 nA,"10,547.3",IN,LD2 + Sn,-1.00,-1.00,rge_inb_v1.0_200MeV,Production,prod,,https://logbooks.jlab.org/entry/4293270,https://logbooks.jlab.org/entry/4293272,https://logbooks.jlab.org/entry/4293392,https://logbooks.jlab.org/entry/4293393
20351,2024-05-01 0:47:28,1:49:44,"31,419,511",65 nA,"10,547.3",IN,LD2 + Sn,-1.00,-1.00,rge_inb_v1.0_200MeV,ftof sec4 off,prod,,https://logbooks.jlab.org/entry/4293401,https://logbooks.jlab.org/entry/4293417,https://logbooks.jlab.org/entry/4293449,https://logbooks.jlab.org/entry/4293451
20352,2024-05-01 2:42:52,1:42:03,"30,103,337",65 nA,"10,547.3",IN,LD2 + Sn,-1.00,-1.00,rge_inb_v1.0_200MeV,some channels in ftof4 are OFF,prod,,https://logbooks.jlab.org/entry/4293459,https://logbooks.jlab.org/entry/4293460,https://logbooks.jlab.org/entry/4293502,https://logbooks.jlab.org/entry/4293503
20359,2024-05-01 5:49:59,1:02:21,"17,732,964",6 nA,"10,547.3",IN,LD2 + Sn,-1.00,-1.00,rge_inb_v1.0_200MeV,production,prod,,https://logbooks.jlab.org/entry/4293552,https://logbooks.jlab.org/entry/4293563,https://logbooks.jlab.org/entry/4293595,https://logbooks.jlab.org/entry/4293594
20360,2024-05-02 14:39:47,1:32:23,"15,525,891",65 nA,"10,547.3",IN,LD2 + Sn,-1.00,-1.00,rge_inb_v1.0_200MeV,"Production, Sn",prod,adcpcnl 4 busy,https://logbooks.jlab.org/entry/4294609,https://logbooks.jlab.org/entry/4294605,https://logbooks.jlab.org/entry/4294699,https://logbooks.jlab.org/entry/4294613
20361,2024-05-02 16:18:31,2:56:31,"55,422,377",65 nA,"10,547.3",IN,LD2 + Sn,-1.00,-1.00,rge_inb_v1.0_200MeV,,prod,,,https://logbooks.jlab.org/entry/4294730,https://logbooks.jlab.org/entry/4294835,https://logbooks.jlab.org/entry/4294834
20363,2024-05-02 19:38:58,1:28:26,"30,894,097",,"10,547.3",IN,LD2 + Sn,-1.00,-1.00,rge_inb_v1.0_200MeV,,prod,ECAL sector3 VI strips 1~12 turned on and off,,https://logbooks.jlab.org/entry/4294865,https://logbooks.jlab.org/entry/4294894,https://logbooks.jlab.org/entry/4294893
20364,2024-05-02 21:14:44,0:24:56,"7,342,101",65 nA,"10,547.3",IN,LD2 + Sn,-1.00,-1.00,rge_inb_v1.0_200MeV,adc sec 3 ecal problem,prod,,,https://logbooks.jlab.org/entry/4294913,,
20365,2024-05-02 21:48:51,1:02:53,"15,246,180",65 nA,"10,547.3",IN,LD2 + Sn,-1.00,-1.00,rge_inb_v1.0_200MeV,Production,prod,2 out of 12 adcs strips reading were recovered,,https://logbooks.jlab.org/entry/4294928,https://logbooks.jlab.org/entry/4294963,https://logbooks.jlab.org/entry/4294962
20367,2024-05-02 23:52:17,1:19:46,"29,004,969",65 nA,"10,547.3",IN,LD2 + Sn,-1.00,-1.00,rge_inb_v1.0_200MeV,production,maybe,2H01 ypos was fluctuating / bad plots for adcTime on ECAL Sec6 ,https://logbooks.jlab.org/entry/4295015,https://logbooks.jlab.org/entry/4295017,https://logbooks.jlab.org/entry/4295044,https://logbooks.jlab.org/entry/4295045
20369,2024-05-03 1:37:33,3:00:30,"61,374,978",65 nA,"10,547.3",IN,LD2 + Sn,-1.00,-1.00,rge_inb_v1.0_200MeV,production,prod,BMT HV SEC3 L 4 and 5 STRIP tripped / injector fluctuations ,https://logbooks.jlab.org/entry/4295066,https://logbooks.jlab.org/entry/4295067,https://logbooks.jlab.org/entry/4295155,https://logbooks.jlab.org/entry/4295154
20370,2024-05-03 4:43:30,1:43:05,"30,752,052",65 nA,"10,547.3",IN,LD2 + Sn,-1.00,-1.00,rge_inb_v1.0_200MeV,production,maybe,chopped occupancy plots in the ECAL,https://logbooks.jlab.org/entry/4295162,https://logbooks.jlab.org/entry/4295163,https://logbooks.jlab.org/entry/4295209,https://logbooks.jlab.org/entry/4295208
20374,2024-05-03 7:50:24,1:32:35,"32,892,550",65 nA,"10,547.3",IN,LD2 + Sn,-1.00,-1.00,rge_inb_v1.0_200MeV,"production, hole in EC",maybe,"ECAL problem, channel missing",https://logbooks.jlab.org/entry/4295267,https://logbooks.jlab.org/entry/4295268,https://logbooks.jlab.org/entry/4295347,https://logbooks.jlab.org/entry/4295348
20375,2024-05-03 11:17:18,2:37:37,"52,081,067",65 nA,"10,547.3",IN,LD2 + Sn,-1.00,-1.00,rge_inb_v1.0_200MeV,Production,prod,FMT_GAS_STAT alarm / FMT HV Tripped,https://logbooks.jlab.org/entry/4295427,https://logbooks.jlab.org/entry/4295428,https://logbooks.jlab.org/entry/4295429,https://logbooks.jlab.org/entry/4295539
20378,2024-05-03 16:18:29,3:00:11,"66,964,453",65 nA,"10,547.3",IN,LD2 + Sn,-1.00,-1.00,rge_inb_v1.0_200MeV,production,prod,BMT HV Sec3 L5 strip trip,,https://logbooks.jlab.org/entry/4295695,https://logbooks.jlab.org/entry/4295764,https://logbooks.jlab.org/entry/4295763
20379,2024-05-03 19:23:53,0:52:38,"16,572,559",65 nA,"10,547.3",IN,LD2 + Sn,-1.00,-1.00,rge_inb_v1.0_200MeV,production,prod,tdcpcal6 DAQ error,,https://logbooks.jlab.org/entry/4295778,https://logbooks.jlab.org/entry/4295802,https://logbooks.jlab.org/entry/4295800
20380,2024-05-03 20:26:43,0:57:28,"1,541,967",65 nA,"10,547.3",IN,LD2 + Sn,-1.00,-1.00,rge_inb_v1.0_200MeV,production,prod,BMT HV Sec3 L5 strip trip / 30 min of no beam ,,,,
20381,2024-05-04 0:10:04,3:00:36,"54,631,628",65 nA,"10,547.3",IN,LD2 + Sn,-1.00,-1.00,rge_inb_v1.0_200MeV,production,prod,BMT Sec3 L5 strip tripped 2 times,https://logbooks.jlab.org/entry/4295883,https://logbooks.jlab.org/entry/4295910,,https://logbooks.jlab.org/entry/4296000
20382,2024-05-04 3:14:54,1:36:19,"33,170,272",65 nA,"10,547.3",IN,LD2 + Sn,-1.00,-1.00,rge_inb_v1.0_200MeV,production,prod,FTOF S6 and PCAL S6 HVs went OFF,https://logbooks.jlab.org/entry/4296008,https://logbooks.jlab.org/entry/4296019,https://logbooks.jlab.org/entry/4296066,https://logbooks.jlab.org/entry/4296064
20383,2024-05-04 5:01:25,0:42:55,"9,842,811",65 nA,"10,547.3",IN,LD2 + Sn,-1.00,-1.00,rge_inb_v1.0_200MeV,production run,prod,ROC adctof2 busy 100%,https://logbooks.jlab.org/entry/4296071,https://logbooks.jlab.org/entry/4296075,https://logbooks.jlab.org/entry/4296087,https://logbooks.jlab.org/entry/4296085
20384,2024-05-04 5:51:18,3:00:04,"50,748,474",65 nA,"10,547.3",IN,LD2 + Sn,-1.00,-1.00,rge_inb_v1.0_200MeV,production,prod,,https://logbooks.jlab.org/entry/4296094,https://logbooks.jlab.org/entry/4296182,https://logbooks.jlab.org/entry/4296187,https://logbooks.jlab.org/entry/4296183
20385,2024-05-04 8:56:06,3:00:02,"54,976,571",65 nA,"10,547.3",IN,LD2 + Sn,-1.00,-1.00,rge_inb_v1.0_200MeV,production,prod,,https://logbooks.jlab.org/entry/4296262,https://logbooks.jlab.org/entry/4296257,https://logbooks.jlab.org/entry/4296270,https://logbooks.jlab.org/entry/4296256
20386,2024-05-04 12:02:34,1:32:49,"27,680,919",65 nA,"10,547.3",IN,LD2 + Sn,-1.00,-1.00,rge_inb_v1.0_200MeV,production,prod,MVT alarm,,,,
20388,2024-05-04 14:30:37,3:03:15,"64,643,352",65 nA,"10,547.3",IN,LD2 + Sn,-1.00,-1.00,rge_inb_v1.0_200MeV,production,prod,,https://logbooks.jlab.org/entry/4296328,https://logbooks.jlab.org/entry/4296331,https://logbooks.jlab.org/entry/4296420,https://logbooks.jlab.org/entry/4296419
20389,2024-05-04 17:39:15,2:52:10,"52,611,907",65 nA,"10,547.3",IN,LD2 + Sn,-1.00,-1.00,rge_inb_v1.0_200MeV,production,prod,,,https://logbooks.jlab.org/entry/4296493,https://logbooks.jlab.org/entry/4296506,https://logbooks.jlab.org/entry/4296505
20390,2024-05-04 20:36:30,0:43:02,"14,733,333",65 nA,"10,547.3",IN,LD2 + Sn,-1.00,-1.00,rge_inb_v1.0_200MeV,production,prod,rebooted tdcfof4,,https://logbooks.jlab.org/entry/4296533,https://logbooks.jlab.org/entry/4296544,https://logbooks.jlab.org/entry/4296543
20391,2024-05-04 21:28:15,1:07:13,"23,069,201",65 nA,"10,547.3",IN,LD2 + Sn,-1.00,-1.00,rge_inb_v1.0_200MeV,production,prod,"flux fluctuations are really big, say 50 to 70 nA",,https://logbooks.jlab.org/entry/4296559,https://logbooks.jlab.org/entry/4296579,https://logbooks.jlab.org/entry/4296578
20392,2024-05-04 22:44:26,3:02:34,"60,712,009",65 nA,"10,547.3",IN,LD2 + Sn,-1.00,-1.00,rge_inb_v1.0_200MeV,production,prod,multiple BMT HV SEC3 L5 STRIP,https://logbooks.jlab.org/entry/4296594,https://logbooks.jlab.org/entry/4296587,https://logbooks.jlab.org/entry/4296663,https://logbooks.jlab.org/entry/4296662
20393,2024-05-05 2:09:16,1:14:50,"25,279,612",65 nA,"10,547.3",IN,LD2 + Sn,-1.00,-1.00,rge_inb_v1.0_200MeV,production,prod,BMT HV SEC3 L5 STRIP tripped and lowering the HV down of 10 V / adcpcal6 busy 100%,https://logbooks.jlab.org/entry/4296681,https://logbooks.jlab.org/entry/4296685,https://logbooks.jlab.org/entry/4296705,https://logbooks.jlab.org/entry/4296704
20394,2024-05-05 3:29:22,3:00:35,"55,692,296",65 nA,"10,547.3",IN,LD2 + Sn,-1.00,-1.00,rge_inb_v1.0_200MeV,production,prod,BMT HV SEC3 L5 STRIP tripped again and lowering again the voltage by 10 V,https://logbooks.jlab.org/entry/4296707,https://logbooks.jlab.org/entry/4296708,https://logbooks.jlab.org/entry/4296769,https://logbooks.jlab.org/entry/4296768
20395,2024-05-05 6:34:20,0:19:13,"6,345,993",,"10,547.3",IN,LD2 + Sn,-1.00,-1.00,rge_inb_v1.0_200MeV,production,prod,issue with DC sector 1 occupancy since run 20384 and roc_reboot dc11,https://logbooks.jlab.org/entry/4296770,https://logbooks.jlab.org/entry/4296790,https://logbooks.jlab.org/entry/4296793,https://logbooks.jlab.org/entry/4296792
20396,2024-05-05 7:06:02,1:56:59,"36,350,709",65 nA,"10,547.3",IN,LD2 + Sn,-1.00,-1.00,rge_inb_v1.0_200MeV,production,prod,adcpcal2vtp crashe,https://logbooks.jlab.org/entry/4296810,https://logbooks.jlab.org/entry/4296811,,https://logbooks.jlab.org/entry/4296874
20397,2024-05-05 9:08:42,2:59:44,"56,587,961",65 nA,"10,547.3",IN,LD2 + Sn,-1.00,-1.00,rge_inb_v1.0_200MeV,production,prod,,https://logbooks.jlab.org/entry/4296875,https://logbooks.jlab.org/entry/4296886,https://logbooks.jlab.org/entry/4296895,https://logbooks.jlab.org/entry/4296956
20398,2024-05-05 12:13:14,2:38:33,"39,162,089",65 nA,"10,547.3",IN,LD2 + Sn,-1.00,-1.00,rge_inb_v1.0_200MeV,production,prod,problem with tdcpcal6,https://logbooks.jlab.org/entry/4296973,https://logbooks.jlab.org/entry/4296974,https://logbooks.jlab.org/entry/4296979,https://logbooks.jlab.org/entry/4297040
20399,2024-05-05 15:03:44,1:50:54,"27,935,951",65 nA,"10,547.3",IN,LD2 + Sn,-1.00,-1.00,rge_inb_v1.0_200MeV,production,prod,rebooted adcftof3,https://logbooks.jlab.org/entry/4297044,https://logbooks.jlab.org/entry/4297064,https://logbooks.jlab.org/entry/4297122,https://logbooks.jlab.org/entry/4297121
20400,2024-05-05 17:02:09,2:58:35,"56,318,162",65 nA,"10,547.3",IN,LD2 + Sn,-1.00,-1.00,rge_inb_v1.0_200MeV,production,prod,,,https://logbooks.jlab.org/entry/4297138,https://logbooks.jlab.org/entry/4297212,https://logbooks.jlab.org/entry/4297211
20401,2024-05-05 20:06:05,0:16:08,"6,050,649",65 nA,"10,547.3",IN,LD2 + Sn,-1.00,-1.00,rge_inb_v1.0_200MeV,production,prod,,,https://logbooks.jlab.org/entry/4297228,https://logbooks.jlab.org/entry/4297230,https://logbooks.jlab.org/entry/4297229
20402,2024-05-05 20:28:33,0:03:13,"691,550",65 nA,"10,547.3",IN,LD2 + Sn,-1.00,-1.00,rge_inb_v1.0_200MeV,production,prod,rebooted adcpcal2,,,,
20403,2024-05-05 20:38:31,2:34:49,"54,825,661",65 nA,"10,547.3",IN,LD2 + Sn,-1.00,-1.00,rge_inb_v1.0_200MeV,production,prod,,,https://logbooks.jlab.org/entry/4297247,https://logbooks.jlab.org/entry/4297309,https://logbooks.jlab.org/entry/4297308
20404,2024-05-06 0:20:02,3:10:10,"55,810,254",65 nA,"10,547.3",IN,LD2 + Sn,-1.00,-1.00,rge_inb_v1.0_200MeV,first production run after RICH recovery,prod,Beam fluctuating,https://logbooks.jlab.org/entry/4297348,https://logbooks.jlab.org/entry/4297350,https://logbooks.jlab.org/entry/4297428,https://logbooks.jlab.org/entry/4297427
20407,2024-05-06 3:57:35,2:39:35,"46,059,113",65 nA,"10,547.3",IN,LD2 + Sn,-1.00,-1.00,rge_inb_v1.0_200MeV,production run after Trigger problem. Halted when dc42 roc went busy.,prod,dc42 roc busy,https://logbooks.jlab.org/entry/4297454,https://logbooks.jlab.org/entry/4297463,https://logbooks.jlab.org/entry/4297542,https://logbooks.jlab.org/entry/4297541
20408,2024-05-06 6:47:49,2:59:50,"50,353,041",65 nA,"10,547.3",IN,LD2 + Sn,-1.00,-1.00,rge_inb_v1.0_200MeV,production run after dc42 went busy.,prod,,https://logbooks.jlab.org/entry/4297549,https://logbooks.jlab.org/entry/4297551,https://logbooks.jlab.org/entry/4297651,https://logbooks.jlab.org/entry/4297653
20409,2024-05-06 10:16:39,0:46:04,"14,345,673",65 nA,"10,547.3",IN,LD2 + Sn,-1.00,-1.00,rge_inb_v1.0_200MeV,start when beam returns,prod,adcpcal5 busy,https://logbooks.jlab.org/entry/4297681,https://logbooks.jlab.org/entry/4297683,https://logbooks.jlab.org/entry/4297699,https://logbooks.jlab.org/entry/4297698
20410,2024-05-06 11:24:03,1:05:10,"17,532,575",65 nA,"10,547.3",IN,LD2 + Sn,-1.00,-1.00,rge_inb_v1.0_200MeV,"restart after rocreboot, roc busy ending",prod,TDCpcal6 shows 100% busy,https://logbooks.jlab.org/entry/4297714,https://logbooks.jlab.org/entry/4297716,https://logbooks.jlab.org/entry/4297746,https://logbooks.jlab.org/entry/4297747
20411,2024-05-06 12:37:10,0:25:39,"947,387",65 nA,"10,547.3",IN,LD2 + Sn,-1.00,-1.00,rge_inb_v1.0_200MeV,restart after ROC busy,maybe,adcpcal3 busy 100%,,,,
20412,2024-05-06 14:10:56,0:50:58,"11,224,313",65 nA,"10,547.3",IN,LD2 + Sn,-1.00,-1.00,rge_inb_v1.0_200MeV,tdc problem reboot pcal tdc fan replace restart data tking,prod,reboot tdcecal1,https://logbooks.jlab.org/entry/4297833,https://logbooks.jlab.org/entry/4297831,https://logbooks.jlab.org/entry/4297866,https://logbooks.jlab.org/entry/4297865
20414,2024-05-06 15:43:18,3:01:17,"53,750,880",65 nA,"10,547.3",IN,LD2 + Sn,-1.00,-1.00,rge_inb_v1.0_200MeV,good run,prod,,https://logbooks.jlab.org/entry/4297908,https://logbooks.jlab.org/entry/4297915,https://logbooks.jlab.org/entry/4298005,
20415,2024-05-06 19:00:00,1:53:31,"22,443,635",65 nA,"10,547.3",IN,LD2 + Sn,-1.00,-1.00,rge_inb_v1.0_200MeV,production ended early,prod,no beam due to thunderstorm,https://logbooks.jlab.org/entry/4298016,https://logbooks.jlab.org/entry/4298018,https://logbooks.jlab.org/entry/4298067,https://logbooks.jlab.org/entry/4298068
20416,2024-05-06 21:04:30,1:30:44,"12,153,455",65 nA,"10,547.3",IN,LD2 + Sn,-1.00,-1.00,rge_inb_v1.0_200MeV,production,prod,BMT HV sector 3 layer 5 tripped,https://logbooks.jlab.org/entry/4298075,https://logbooks.jlab.org/entry/4298076,https://logbooks.jlab.org/entry/4298127,https://logbooks.jlab.org/entry/4298128
20417,2024-05-06 23:43:33,3:00:34,"65,400,413",65 nA,"10,547.3",IN,LD2 + Sn,-1.00,-1.00,rge_inb_v1.0_200MeV,production,prod,,https://logbooks.jlab.org/entry/4298134,https://logbooks.jlab.org/entry/4298139,https://logbooks.jlab.org/entry/4298273,https://logbooks.jlab.org/entry/4298272
20418,2024-05-07 2:49:14,3:00:40,"62,279,900",65 nA,"10,547.3",IN,LD2 + Sn,-1.00,-1.00,rge_inb_v1.0_200MeV,production run,prod,"Sector 3, L5 strip of MVT tripped",https://logbooks.jlab.org/entry/4298276,https://logbooks.jlab.org/entry/4298302,https://logbooks.jlab.org/entry/4298375,https://logbooks.jlab.org/entry/4298374
20419,2024-05-07 5:56:05,3:17:24,"60,714,891",65 nA,"10,547.3",IN,LD2 + Sn,-1.00,-1.00,rge_inb_v1.0_200MeV,production,prod,"Sector 3, L5 strip of MVT tripped multiple times",https://logbooks.jlab.org/entry/4298379,https://logbooks.jlab.org/entry/4298391,https://logbooks.jlab.org/entry/4298579,https://logbooks.jlab.org/entry/4298578
20420,2024-05-07 9:20:51,0:14:19,"5,625,193",65 nA,"10,547.3",IN,LD2 + Sn,-1.00,-1.00,rge_inb_v1.0_200MeV,short run sector 3 very busy recommend rebotts,maybe,trigger rates in sector 3 10x above normal,https://logbooks.jlab.org/entry/4298585,https://logbooks.jlab.org/entry/4298590,https://logbooks.jlab.org/entry/4298592,https://logbooks.jlab.org/entry/4298591
20421,2024-05-07 9:50:24,0:34:22,"11,527,162",65 nA,"10,547.3",IN,LD2 + Sn,-1.00,-1.00,rge_inb_v1.0_200MeV,after three roc reboots,maybe,strange historgram in DC histo,https://logbooks.jlab.org/entry/4298596,https://logbooks.jlab.org/entry/4298603,https://logbooks.jlab.org/entry/4298618,https://logbooks.jlab.org/entry/4298617
20422,2024-05-07 10:35:29,1:44:15,"31,282,483",65 nA,"10,547.3",IN,LD2 + Sn,-1.00,-1.00,rge_inb_v1.0_200MeV,,prod,sector 3 L4 MVT reset,,https://logbooks.jlab.org/entry/4298645,https://logbooks.jlab.org/entry/4298712,https://logbooks.jlab.org/entry/4298711
20423,2024-05-07 12:35:36,2:48:55,"57,284,881",65 nA,"10,547.3",IN,LD2 + Sn,-1.00,-1.00,rge_inb_v1.0_200MeV,,prod,,https://logbooks.jlab.org/entry/4298725,https://logbooks.jlab.org/entry/4298734,https://logbooks.jlab.org/entry/4298804,https://logbooks.jlab.org/entry/4298805
20424,2024-05-07 15:30:29,3:00:09,"60,937,562",65 nA,"10,547.3",IN,LD2 + Sn,-1.00,-1.00,rge_inb_v1.0_200MeV,production,prod,"ECAL HV alarm sector 5 WI E25,27,28,33,35,36 and WO E01,02,05,06,07,08,09,11,12 get tripped / BMT HV sector 3 layer 4 tripped",https://logbooks.jlab.org/entry/4298816,https://logbooks.jlab.org/entry/4298819,https://logbooks.jlab.org/entry/4298903,https://logbooks.jlab.org/entry/4298933
20425,2024-05-07 18:35:50,0:58:09,"19,294,823",65 nA,"10,547.3",,LD2 + Sn,-1.00,-1.00,rge_inb_v1.0_200MeV,production,prod,ECAL sector 1 layer 6 VI08 doesn't look ok / BMT HV sector 2 layer 4 tripped / RICH MAPMT  alarm,https://logbooks.jlab.org/entry/4298950,https://logbooks.jlab.org/entry/4298985,https://logbooks.jlab.org/entry/4298986,https://logbooks.jlab.org/entry/4298999
20426,2024-05-07 19:47:51,3:00:39,"61,646,025",65 nA,"10,547.3",IN,LD2 + Sn,-1.00,-1.00,rge_inb_v1.0_200MeV,production,prod,,https://logbooks.jlab.org/entry/4298995,https://logbooks.jlab.org/entry/4299014,https://logbooks.jlab.org/entry/4299097,https://logbooks.jlab.org/entry/4299095
20427,2024-05-07 22:52:11,2:19:40,"45,895,666",65 nA,"10,547.3",IN,LD2 + Sn,-1.00,-1.00,rge_inb_v1.0_200MeV,production - problem with trigger bit (greater than 6),prod,BMT HV sector 3 layer 4 tripped /  trigger bits greater than 6,https://logbooks.jlab.org/entry/4299099,https://logbooks.jlab.org/entry/4299114,https://logbooks.jlab.org/entry/4299189,https://logbooks.jlab.org/entry/4299193
20432,2024-05-08 5:24:27,3:16:38,"64,282,948",65 nA,"10,547.3",IN,LD2 + Sn,-1.00,-1.00,rge_inb_v1.0_200MeV,production - first run after DC HV problems.,prod,,https://logbooks.jlab.org/entry/4299347,https://logbooks.jlab.org/entry/4299348,https://logbooks.jlab.org/entry/4299435,https://logbooks.jlab.org/entry/4299434
20433,2024-05-08 8:48:25,1:42:42,"34,080,395",65 nA,"10,547.3",IN,LD2 + Sn,-1.00,-1.00,rge_inb_v1.0_200MeV,,prod,reboot tdcpcal4,https://logbooks.jlab.org/entry/4299446,https://logbooks.jlab.org/entry/4299444,https://logbooks.jlab.org/entry/4299495,https://logbooks.jlab.org/entry/4299494
20436,2024-05-08 12:37:01,2:58:08,"66,570,929",65 nA,"10,547.3",IN,LD2 + Al,-1.00,-1.00,rge_inb_v1.0_200MeV,finished luminosity,prod,,https://logbooks.jlab.org/entry/4299588,https://logbooks.jlab.org/entry/4299594,https://logbooks.jlab.org/entry/4299689,https://logbooks.jlab.org/entry/4299688
20437,2024-05-08 15:42:24,0:31:50,"12,954,640",70 nA,"10,547.3",IN,LD2 + Al,-1.00,-1.00,rge_inb_v1.0_200MeV,prod,prod,,https://logbooks.jlab.org/entry/4299699,https://logbooks.jlab.org/entry/4299737,https://logbooks.jlab.org/entry/4299738,https://logbooks.jlab.org/entry/4299742
20438,2024-05-08 18:17:15,1:12:52,"18,538,935",70 nA,"10,547.3",IN,LD2 + Al,-1.00,-1.00,rge_inb_v1.0_200MeV,prod,prod,BMT HV sector 3 layer 4 tripped,https://logbooks.jlab.org/entry/4299806,https://logbooks.jlab.org/entry/4299824,https://logbooks.jlab.org/entry/4299854,https://logbooks.jlab.org/entry/4299856
20439,2024-05-08 23:57:02,3:07:38,"83,542,066",70 nA,"10,547.3",IN,LD2 + Al,-1.00,-1.00,rge_inb_v1.0_200MeV,prod,prod,"BMT sec3, L4 strip tripped",https://logbooks.jlab.org/entry/4299974,https://logbooks.jlab.org/entry/4299995,https://logbooks.jlab.org/entry/4300005,https://logbooks.jlab.org/entry/4300004
20440,2024-05-09 3:09:34,1:11:06,"25,066,110",70 nA,"10,547.3",IN,LD2 + Al,-1.00,-1.00,rge_inb_v1.0_200MeV,"Gilfoyle, Leali",prod,low livetime warning,https://logbooks.jlab.org/entry/4300025,https://logbooks.jlab.org/entry/4300026,https://logbooks.jlab.org/entry/4300043,https://logbooks.jlab.org/entry/4300042
20441,2024-05-09 4:26:27,2:01:51,"50,811,127",70 nA,"10,547.3",IN,LD2 + Al,-1.00,-1.00,rge_inb_v1.0_200MeV,production after low livetime warning.,prod,Beamline alarm,https://logbooks.jlab.org/entry/4300059,https://logbooks.jlab.org/entry/4300068,https://logbooks.jlab.org/entry/4300072,https://logbooks.jlab.org/entry/4300071
20442,2024-05-09 6:35:14,1:56:06,"36,683,985",70 nA,"10,547.3",IN,LD2 + Al,-1.00,-1.00,rge_inb_v1.0_200MeV,production after engineering alarm,prod,,https://logbooks.jlab.org/entry/4300105,https://logbooks.jlab.org/entry/4300104,https://logbooks.jlab.org/entry/4300138,https://logbooks.jlab.org/entry/4300136
20448,2024-05-10 4:30:42,1:09:45,"29,451,406",70 nA,"10,547.3",IN,LD2 + Al,-1.00,-1.00,rge_inb_v1.0_200MeV,Pord with DC sector 4 trip,maybe,issue with DC sector 4,https://logbooks.jlab.org/entry/4300807,https://logbooks.jlab.org/entry/4300809,https://logbooks.jlab.org/entry/4300834,https://logbooks.jlab.org/entry/4300833
20449,2024-05-10 5:57:56,2:57:17,"71,771,730",70 nA,"10,547.3",IN,LD2 + Al,-1.00,-1.00,rge_inb_v1.0_200MeV,prod after dc42 roc_reboot,prod,BMT HV sector 2 layer 4 STRIP tripped multiple times / changed voltage to 430V,https://logbooks.jlab.org/entry/4300891,https://logbooks.jlab.org/entry/4300892,https://logbooks.jlab.org/entry/4301014,https://logbooks.jlab.org/entry/4301013
20451,2024-05-10 9:13:45,0:31:43,"12,942,796",70 nA,"10,547.3",IN,LD2 + Al,-1.00,-1.00,rge_inb_v1.0_200MeV,begin again cue to mvt problem DC problem require roc reboots,maybe,weird dc histos / reboot dc rocs,https://logbooks.jlab.org/entry/4301025,https://logbooks.jlab.org/entry/4301039,https://logbooks.jlab.org/entry/4301058,https://logbooks.jlab.org/entry/4301057
20452,2024-05-10 9:54:05,1:24:57,"3,683,626",70 nA,"10,547.3",IN,LD2 + Al,-1.00,-1.00,rge_inb_v1.0_200MeV,rates are low and reson unclear,maybe,rates low (idk if during the runs or just at the end),https://logbooks.jlab.org/entry/4301062,https://logbooks.jlab.org/entry/4301094,,
20453,2024-05-10 11:25:12,3:11:30,"76,176,740",70 nA,"10,547.3",IN,LD2 + Al,-1.00,-1.00,rge_inb_v1.0_200MeV,,prod,,https://logbooks.jlab.org/entry/4301119,https://logbooks.jlab.org/entry/4301127,https://logbooks.jlab.org/entry/4301226,https://logbooks.jlab.org/entry/4301229
20454,2024-05-10 14:41:51,3:13:08,"78,387,875",70 nA,"10,547.3",IN,LD2 + Al,-1.00,-1.00,rge_inb_v1.0_200MeV,production,prod,high evaporator temperature /  mids and upstream halo counters briefly higher than normal,https://logbooks.jlab.org/entry/4301232,https://logbooks.jlab.org/entry/4301238,https://logbooks.jlab.org/entry/4301378,
20455,2024-05-10 18:00:05,3:01:18,"64,490,372",70 nA,"10,547.3",IN,LD2 + Al,-1.00,-1.00,rge_inb_v1.0_200MeV,production,prod,PCAL sector 5 v strip issue,https://logbooks.jlab.org/entry/4301386,https://logbooks.jlab.org/entry/4301418,https://logbooks.jlab.org/entry/4301531,https://logbooks.jlab.org/entry/4301530
20456,2024-05-10 21:08:50,2:58:59,"78,629,243",70 nA,"10,547.3",IN,LD2 + Al,-1.00,-1.00,rge_inb_v1.0_200MeV,,prod,multiple BMT_HV_SEC3_L4 and SEC_3_L5 trip /changed volatege to 381V,https://logbooks.jlab.org/entry/4301627,https://logbooks.jlab.org/entry/4301610,https://logbooks.jlab.org/entry/4301656,https://logbooks.jlab.org/entry/4301655
20457,2024-05-11 0:16:54,3:00:56,"80,033,666",70 nA,"10,547.3",IN,LD2 + Al,-1.00,-1.00,rge_inb_v1.0_200MeV,pord,prod,BMT HV sector 3 layer 4 strip tripped twice,https://logbooks.jlab.org/entry/4301673,https://logbooks.jlab.org/entry/4301675,https://logbooks.jlab.org/entry/4301735,https://logbooks.jlab.org/entry/4301734
20458,2024-05-11 3:20:53,3:01:01,"80,467,462",70 nA,"10,547.3",IN,LD2 + Al,-1.00,-1.00,rge_inb_v1.0_200MeV,prod,prod,BMT HV sector 3 layer 4 strip tripped,https://logbooks.jlab.org/entry/4301745,https://logbooks.jlab.org/entry/4301748,https://logbooks.jlab.org/entry/4301821,https://logbooks.jlab.org/entry/4301820
20459,2024-05-11 6:26:55,3:15:28,"75,549,389",70 nA,"10,547.3",IN,LD2 + Al,-1.00,-1.00,rge_inb_v1.0_200MeV,Prod,prod,BMT S1L4 trip,https://logbooks.jlab.org/entry/4301836,https://logbooks.jlab.org/entry/4301837,https://logbooks.jlab.org/entry/4301925,https://logbooks.jlab.org/entry/4301924
20460,2024-05-11 9:47:55,3:05:44,"74,271,001",70 nA,"10,547.3",IN,LD2 + Al,-1.00,-1.00,rge_inb_v1.0_200MeV,,prod,TDC ecal sector 2 ec out / BMT S3L4 trip / narrow new gap in FMT L3S1,https://logbooks.jlab.org/entry/4301929,https://logbooks.jlab.org/entry/4301964,https://logbooks.jlab.org/entry/4302019,https://logbooks.jlab.org/entry/4302018
20461,2024-05-11 13:02:03,3:11:21,"78,357,662",70 nA,"10,547.3",IN,LD2 + Al,-1.00,-1.00,rge_inb_v1.0_200MeV,production,prod,,https://logbooks.jlab.org/entry/4302022,https://logbooks.jlab.org/entry/4302050,https://logbooks.jlab.org/entry/4302137,https://logbooks.jlab.org/entry/4302135
20464,2024-05-11 16:39:40,3:02:50,"80,006,722",70 nA,"10,547.3",IN,LD2 + Al,-1.00,-1.00,rge_inb_v1.0_200MeV,production,prod,,https://logbooks.jlab.org/entry/4302160,https://logbooks.jlab.org/entry/4302175,https://logbooks.jlab.org/entry/4302242,https://logbooks.jlab.org/entry/4302241
20465,2024-05-11 19:47:00,1:23:01,"34,210,542",70 nA,"10,547.3",IN,LD2 + Al,-1.00,-1.00,rge_inb_v1.0_200MeV,production,prod,BMT_HV_SEC3_L4 trip / ROC adcecal4 100% busy,https://logbooks.jlab.org/entry/4302247,https://logbooks.jlab.org/entry/4302259,https://logbooks.jlab.org/entry/4302285,https://logbooks.jlab.org/entry/4302284
20466,2024-05-11 21:15:29,3:04:56,"78,527,670",70 nA,"10,547.3",IN,LD2 + Al,-1.00,-1.00,rge_inb_v1.0_200MeV,production,prod,BMT_HV_SEC3_L4 trip,https://logbooks.jlab.org/entry/4302287,https://logbooks.jlab.org/entry/4302295,https://logbooks.jlab.org/entry/4302378,https://logbooks.jlab.org/entry/4302377
20467,2024-05-12 0:25:09,1:28:37,"32,909,435",70 nA,"10,547.3",IN,LD2 + Al,-1.00,-1.00,rge_inb_v1.0_200MeV,production,prod,"RICH scaler alarm, PMTs 219, 220, 221 down",https://logbooks.jlab.org/entry/4302390,https://logbooks.jlab.org/entry/4302395,https://logbooks.jlab.org/entry/4302431,https://logbooks.jlab.org/entry/4302430
20468,2024-05-12 2:16:37,2:59:32,"80,779,212",70 nA,"10,547.3",IN,LD2 + Al,-1.00,-1.00,rge_inb_v1.0_200MeV,production,prod,BMT HV SEC3 L4 Strip,https://logbooks.jlab.org/entry/4302447,https://logbooks.jlab.org/entry/4302457,https://logbooks.jlab.org/entry/4302518,https://logbooks.jlab.org/entry/4302517
20470,2024-05-12 5:36:38,3:12:48,"92,674,296",70 nA,"10,547.3",IN,LD2 + Al,-1.00,-1.00,rge_inb_v1.0_200MeV,production,prod,BMT HV SEC3 L4 Strip trip twice,https://logbooks.jlab.org/entry/4302547,https://logbooks.jlab.org/entry/4302555,https://logbooks.jlab.org/entry/4302670,https://logbooks.jlab.org/entry/4302669
20471,2024-05-12 8:54:12,1:31:46,"41,248,475",70 nA,"10,547.3",IN,LD2 + Al,-1.00,-1.00,rge_inb_v1.0_200MeV,,prod,BMT HV SEC3 L4 Strip trip / high trigger rate in sector 1 inbending,https://logbooks.jlab.org/entry/4302675,https://logbooks.jlab.org/entry/4302679,https://logbooks.jlab.org/entry/4302717,https://logbooks.jlab.org/entry/4302716
20472,2024-05-12 10:33:57,0:16:41,"7,181,943",70 nA,"10,547.3",IN,LD2 + Al,-1.00,-1.00,rge_inb_v1.0_200MeV,still high rate - restart due to high rae in sector 1 (x2),maybe,high rate,https://logbooks.jlab.org/entry/4302721,,,
20473,2024-05-12 11:00:53,1:51:28,"49,792,420",70 nA,"10,547.3",IN,LD2 + Al,-1.00,-1.00,rge_inb_v1.0_200MeV,production,maybe,BMT S2L1 reset multiple times / lower voltage to 420 V /spike in the S2L1 occupancy,https://logbooks.jlab.org/entry/4302739,https://logbooks.jlab.org/entry/4302749,https://logbooks.jlab.org/entry/4302778,https://logbooks.jlab.org/entry/4302777
20474,2024-05-12 13:03:12,2:54:25,"63,294,639",70 nA,"10,547.3",IN,LD2 + Al,-1.00,-1.00,rge_inb_v1.0_200MeV,"Solenoid Crash , restart since to correct a L6DAQ problem",prod,S3L4 reset,https://logbooks.jlab.org/entry/4302790,https://logbooks.jlab.org/entry/4302802,https://logbooks.jlab.org/entry/4302935,https://logbooks.jlab.org/entry/4302934
20478,2024-05-13 5:59:12,0:40:22,"17,962,866",50 nA,"10,547.3",IN,LD2 + Al,-1.00,-1.00,rge_inb_v1.0_200MeV,production,maybe,hole due to HV being turned off,https://logbooks.jlab.org/entry/4303264,https://logbooks.jlab.org/entry/4303271,https://logbooks.jlab.org/entry/4303282,https://logbooks.jlab.org/entry/4303281
20479,2024-05-13 7:23:11,3:31:06,"73,397,226",70 nA,"10,547.3",IN,LD2 + Al,-1.00,-1.00,rge_inb_v1.0_200MeV,production,prod,BMTS2L4 trip,https://logbooks.jlab.org/entry/4303305,https://logbooks.jlab.org/entry/4303314,https://logbooks.jlab.org/entry/4303404,https://logbooks.jlab.org/entry/4303403
20480,2024-05-13 10:59:28,3:07:20,"75,129,416",70 nA,"10,547.3",IN,LD2 + Al,-1.00,-1.00,rge_inb_v1.0_200MeV,,prod,multiple BMT S3L4 trips / mvt1 100% busy,https://logbooks.jlab.org/entry/4303409,https://logbooks.jlab.org/entry/4303414,https://logbooks.jlab.org/entry/4303485,https://logbooks.jlab.org/entry/4303484
20481,2024-05-13 14:12:21,3:01:00,"78,096,685",70 nA,"10,547.3",IN,LD2 + Al,-1.00,-1.00,rge_inb_v1.0_200MeV,production,prod,,https://logbooks.jlab.org/entry/4303486,https://logbooks.jlab.org/entry/4303488,https://logbooks.jlab.org/entry/4303655,https://logbooks.jlab.org/entry/4303654
20482,2024-05-13 17:19:09,0:39:14,"15,282,518",70 nA,"10,547.3",IN,LD2 + Al,-1.00,-1.00,rge_inb_v1.0_200MeV,production,prod,adcftof4 ROC 100% busy,https://logbooks.jlab.org/entry/4303660,https://logbooks.jlab.org/entry/4303675,https://logbooks.jlab.org/entry/4303685,https://logbooks.jlab.org/entry/4303684
20483,2024-05-13 18:04:12,3:01:17,"75,510,847",70 nA,"10,547.3",IN,LD2 + Al,-1.00,-1.00,rge_inb_v1.0_200MeV,production,prod,BMT_HV_SEC2_L4 trip / L3DAQ6 disconnected,https://logbooks.jlab.org/entry/4303698,https://logbooks.jlab.org/entry/4303707,https://logbooks.jlab.org/entry/4303793,https://logbooks.jlab.org/entry/4303792
20484,2024-05-13 21:16:07,3:01:03,"73,362,313",70 nA,"10,547.3",IN,LD2 + Al,-1.00,-1.00,rge_inb_v1.0_200MeV,production,prod,,https://logbooks.jlab.org/entry/4303813,https://logbooks.jlab.org/entry/4303836,https://logbooks.jlab.org/entry/4303964,https://logbooks.jlab.org/entry/4303963
20485,2024-05-14 0:22:57,3:01:31,"82,407,573",70 nA,"10,547.3",IN,LD2 + Al,-1.00,-1.00,rge_inb_v1.0_200MeV,production,prod,,https://logbooks.jlab.org/entry/4304003,https://logbooks.jlab.org/entry/4304005,https://logbooks.jlab.org/entry/4304102,https://logbooks.jlab.org/entry/4304103
20486,2024-05-14 3:30:12,3:30:45,"85,489,531",70 nA,"10,547.3",IN,LD2 + Al,-1.00,-1.00,rge_inb_v1.0_200MeV,production,prod,L3DAQ6 crashed / MVT Sector 3 L4 tripped,https://logbooks.jlab.org/entry/4304113,https://logbooks.jlab.org/entry/4304138,https://logbooks.jlab.org/entry/4304262,https://logbooks.jlab.org/entry/4304261
20488,2024-05-14 17:51:34,3:00:23,"74,834,546",70 nA,"10,547.3",IN,LD2 + Al,-1.00,-1.00,rge_inb_v1.0_200MeV,Production,prod,,https://logbooks.jlab.org/entry/4304609,https://logbooks.jlab.org/entry/4304610,https://logbooks.jlab.org/entry/4304754,https://logbooks.jlab.org/entry/4304753
20489,2024-05-14 20:58:05,3:03:45,"80,981,292",70 nA,"10,547.3",IN,LD2 + Al,-1.00,-1.00,rge_inb_v1.0_200MeV,Production,prod,DC HV tripped twice on sect 3 region 1 super layer 2 / FMT gas alarm,https://logbooks.jlab.org/entry/4304767,https://logbooks.jlab.org/entry/4304776,https://logbooks.jlab.org/entry/4304864,https://logbooks.jlab.org/entry/4304861
20506,2024-05-16 17:50:46,5:05:32,"51,999,203",70 nA,"10,547.3",IN,Al,-1.00,-1.00,rge_inb_v1.0_200MeV,Empty + Al production,prod,,https://logbooks.jlab.org/entry/4306283,https://logbooks.jlab.org/entry/4306284,https://logbooks.jlab.org/entry/4306436,https://logbooks.jlab.org/entry/4306433
20507,2024-05-16 23:56:01,7:34:58,"27,178,089",200 nA,"10,547.3",IN,Wire,-1.00,-1.00,rge_inb_v1.0_200MeV,"Empty + wire, production",prod,,https://logbooks.jlab.org/entry/4306533,https://logbooks.jlab.org/entry/4306588,https://logbooks.jlab.org/entry/4306737,https://logbooks.jlab.org/entry/4306752
20508,2024-05-17 10:38:14,0:24:28,"27,049,846",85 nA,"10,547.3",IN,LD2 + C,-1.00,1.00,rge_noDC_v1.0_200MeV,current scan from 63 to 85 nA,maybe,rocs mvt1 and mvt2 are issuing (not on 100%) / BMT HV Sector 3 layer 4 trip,,,,
20509,2024-05-17 11:05:49,1:37:05,"100,510,321",63 nA,"10,547.3",IN,LD2 + C,-1.00,1.00,rge_noDC_v1.0_200MeV,(Prod) Current cahgne from 63 to 60 nA durring the run. still good run,prod,,https://logbooks.jlab.org/entry/4306875,https://logbooks.jlab.org/entry/4306874,https://logbooks.jlab.org/entry/4306891,https://logbooks.jlab.org/entry/4306889
20510,2024-05-17 12:46:16,0:32:58,"37,058,272",60 nA,"10,547.3",IN,LD2 + C,-1.00,1.00,rge_noDC_v1.0_200MeV,Prod,prod,,https://logbooks.jlab.org/entry/4306895,https://logbooks.jlab.org/entry/4306896,https://logbooks.jlab.org/entry/4306908,https://logbooks.jlab.org/entry/4306913
20512,2024-05-18 8:26:04,1:28:12,"92,506,353",60 nA,"10,547.3",IN,LD2 + C,-1.00,1.00,rge_noDC_v1.0_200MeV,Prod,prod,,https://logbooks.jlab.org/entry/4307289,https://logbooks.jlab.org/entry/4307288,https://logbooks.jlab.org/entry/4307325,https://logbooks.jlab.org/entry/4307344
20515,2024-05-18 10:16:06,1:38:09,"100,753,967",65 nA,"10,547.3",IN,LD2 + C,-1.00,1.00,rge_noDC_v1.0_250MeV,Prod,prod,,https://logbooks.jlab.org/entry/4307337,https://logbooks.jlab.org/entry/4307339,https://logbooks.jlab.org/entry/4307372,https://logbooks.jlab.org/entry/4307371
20516,2024-05-18 12:00:07,0:39:54,"34,944,568",68 nA,"10,547.3",IN,LD2 + C,-1.00,1.00,rge_noDC_v1.0_300MeV,Prod,prod,changed current from 68 to 70 nA,https://logbooks.jlab.org/entry/4307383,,https://logbooks.jlab.org/entry/4307406,https://logbooks.jlab.org/entry/4307407
20517,2024-05-18 12:56:51,1:40:30,"100,115,116",70 nA,"10,547.3",IN,LD2 + C,-1.00,1.00,rge_noDC_v1.0_300MeV,Prod,prod,double normal data rate,https://logbooks.jlab.org/entry/4307420,https://logbooks.jlab.org/entry/4307424,https://logbooks.jlab.org/entry/4307460,https://logbooks.jlab.org/entry/4307462
20518,2024-05-18 14:40:03,1:43:40,"100,166,810",70 nA,"10,547.3",IN,LD2 + C,-1.00,1.00,rge_noDC_v1.0_300MeV,Prod,prod,double normal data rate,https://logbooks.jlab.org/entry/4307464,https://logbooks.jlab.org/entry/4307472,https://logbooks.jlab.org/entry/4307530,https://logbooks.jlab.org/entry/4307529
20519,2024-05-18 16:29:53,1:42:14,"99,638,613",70 nA,"10,547.3",IN,LD2 + C,-1.00,1.00,rge_noDC_v1.0_300MeV,Production,prod,,https://logbooks.jlab.org/entry/4307538,https://logbooks.jlab.org/entry/4307542,https://logbooks.jlab.org/entry/4307579,https://logbooks.jlab.org/entry/4307581
20520,2024-05-18 18:32:03,1:39:50,"85,418,068",70 nA,"10,547.3",IN,LD2 + Pb,-1.00,1.00,rge_noDC_v1.0_300MeV,Production,prod,roc tdcecal 100% busy,https://logbooks.jlab.org/entry/4307601,https://logbooks.jlab.org/entry/4307602,https://logbooks.jlab.org/entry/4307642,https://logbooks.jlab.org/entry/4307648
20521,2024-05-18 20:17:49,1:57:43,"101,121,720",70 nA,"10,547.3",IN,LD2 + Pb,-1.00,1.00,rge_noDC_v1.0_300MeV,Production,prod,,https://logbooks.jlab.org/entry/4307658,https://logbooks.jlab.org/entry/4307707,https://logbooks.jlab.org/entry/4307709,https://logbooks.jlab.org/entry/4307708
20522,2024-05-18 22:20:15,2:00:25,"108,350,794",70 nA,"10,547.3",IN,LD2 + Pb,-1.00,1.00,rge_noDC_v1.0_300MeV,Production,prod, BMT HV SEC3 L4 STRIP trip,https://logbooks.jlab.org/entry/4307732,https://logbooks.jlab.org/entry/4307729,,https://logbooks.jlab.org/entry/4307775
20523,2024-05-19 0:43:03,2:07:11,"106,944,354",70 nA,"10,547.3",IN,LD2 + Pb,-1.00,1.00,rge_noDC_v1.0_300MeV,prod,prod,,https://logbooks.jlab.org/entry/4307798,https://logbooks.jlab.org/entry/4307835,https://logbooks.jlab.org/entry/4307880,https://logbooks.jlab.org/entry/4307879
20524,2024-05-19 3:29:20,1:51:23,"100,802,988",70 nA,"10,547.3",IN,LD2 + Pb,-1.00,1.00,rge_noDC_v1.0_300MeV,prod,prod,BMT HV s3l4 tripped,https://logbooks.jlab.org/entry/4307915,https://logbooks.jlab.org/entry/4307942,https://logbooks.jlab.org/entry/4307953,https://logbooks.jlab.org/entry/4307952
20525,2024-05-19 5:25:37,0:12:01,"3,528,071",70 nA,"10,547.3",IN,LD2 + Pb,-1.00,1.00,rge_noDC_v1.0_300MeV,junk,prod,3 minutes of data,,,,